scope,key,field,value,reason,source,locked,updated_at
product,2520562,name_zh_standard,Kate Legwear 100丹尼保暖裤袜,review_id=b064c7dcf8b4b91bb616f55b,UNIFIED_REVIEW_QUEUE,0,2026-08-27T09:41:42+08:00
product,2520562,spec_zh_standard,尺码S/M,review_id=54a6ff02d33a10471dbd40c5,UNIFIED_REVIEW_QUEUE,0,2026-08-27T09:41:32+08:00
product,2543429,name_zh_standard,带盖储物箱,review_id=041168069a7ec6925ee142a8,UNIFIED_REVIEW_QUEUE,0,2026-08-27T09:41:24+08:00
product,2543429,spec_zh_standard,8.5升 | 39x29x11厘米,review_id=3d56e80ef5bbbab638ff6808,UNIFIED_REVIEW_QUEUE,0,2026-08-27T09:41:31+08:00
product,2554927,name_zh_standard,家居袜,review_id=5f9b6a46990303f15d047484,UNIFIED_REVIEW_QUEUE,0,2026-08-27T09:41:34+08:00
product,2554927,spec_zh_standard,均码 | 2双 | 多种类型,review_id=f5adf66c728daa213945b338,UNIFIED_REVIEW_QUEUE,0,2026-08-27T09:41:51+08:00
product,2557704,locked,1,第二阶段人工审查结果锁定，防止后续模型覆盖,STAGE2_HUMAN_REVIEW_2026-08-25,1,2026-08-25
product,3202944,name_zh_standard,励志水瓶,官网西语详情明确为带励志文字的冷饮水瓶,FINAL_CONSOLIDATION_2026-09-08,1,2026-09-08
product,3203622,name_zh_standard,发光足球,官网西语详情明确为带灯光效果的足球,FINAL_CONSOLIDATION_2026-09-08,1,2026-09-08
product,3222743,name_zh_standard,Nuvanta牌捕蝇器,官网西语品名含品牌Nuvanta且详情明确用于捕捉飞虫,FINAL_CONSOLIDATION_2026-09-08,1,2026-09-08
product,2557704,name_zh_standard,Troppie果味饮料,第二阶段人工审查：类目、规格或详情足以确认商品本体,STAGE2_HUMAN_REVIEW_2026-08-25,1,2026-08-25
product,2548558,name_zh_standard,万圣节小灯笼,官网品名可确认；规格字段被页面按钮文案污染，按字段级规则仅修复品名,MODEL_ASSISTED_SOURCE_REVIEW_2026-08-30,0,2026-08-30
product,2548558,spec_zh_standard,2节AAA电池｜多色,官网详情页确认：需要2节AAA电池，颜色多款；原规格字段为按钮文案,https://www.action.com/es-es/p/2548558/farolillo-de-halloween/,0,2026-08-30
product,2574845,name_zh_standard,Walfort牌防盗锁线,官网品名可确认；规格字段被页面导航文案污染，按字段级规则仅修复品名,MODEL_ASSISTED_SOURCE_REVIEW_2026-08-30,0,2026-08-30
product,2574845,spec_zh_standard,Ø12mm×2m,tm_v1_owner_approved:108f36cbe05bc7c76130923f4379fff70f0ea9d762877e56620e6f38834d752a,TM_V1_OWNER_APPROVED,0,2026-09-15T00:00:00+08:00
product,3005291,name_zh_standard,中性笔,官网品名可确认；规格字段被页面按钮文案污染，按字段级规则仅修复品名,MODEL_ASSISTED_SOURCE_REVIEW_2026-08-30,0,2026-08-30
product,3005291,spec_zh_standard,多色,官网详情页确认：笔身及墨水颜色为多款；原规格字段为按钮文案,https://www.action.com/es-es/p/3005291/boligrafo-de-gel/,0,2026-08-30
product,299750,name_zh_standard,Dumil牌垃圾袋,官网详情页确认：Bolsas de basura Dumil；按品牌牌规则生成,https://www.action.com/es-es/p/299750/bolsas-de-basura-dumil/,0,2026-08-30
product,299750,spec_zh_standard,60L｜15件,官网详情页确认：60 litros，15 unidades；原规格字段为按钮文案,https://www.action.com/es-es/p/299750/bolsas-de-basura-dumil/,0,2026-08-30
product,2548454,name_zh_standard,Tesa牌瞬间胶,官网详情页确认：Pegamento instantáneo Tesa；按品牌牌规则生成,https://www.action.com/es-es/p/2548454/pegamento-instantaneo-tesa/,0,2026-08-30
product,2548454,spec_zh_standard,2×3g,官网详情页确认：2x 3 gramos；原规格字段为按钮文案,https://www.action.com/es-es/p/2548454/pegamento-instantaneo-tesa/,0,2026-08-30
product,2577222,name_zh_standard,C&C牌防冻冷却液,官网详情页确认：Líquido refrigerante C&C D/G12；按品牌牌规则生成,https://www.action.com/es-es/p/2577222/c-c/,0,2026-08-30
product,2577222,spec_zh_standard,1L｜G12｜-26°C,官网详情页确认：1 litro、G12、-26 °C；原规格字段为品牌导航文案,https://www.action.com/es-es/p/2577222/c-c/,0,2026-08-30
product,299750,cat2_zh,清洁用品,官网分类页确认；保留已确认中文二级类目，规格源仍单独标记污染,https://www.action.com/es-es/p/299750/bolsas-de-basura-dumil/,0,2026-08-30
product,2548454,cat2_zh,手工制作,官网分类页确认；保留已确认中文二级类目，规格源仍单独标记污染,https://www.action.com/es-es/p/2548454/pegamento-instantaneo-tesa/,0,2026-08-30
product,2548558,cat2_zh,家居装饰,官网分类页确认；保留已确认中文二级类目，规格源仍单独标记污染,https://www.action.com/es-es/p/2548558/farolillo-de-halloween/,0,2026-08-30
product,2557704,cat2_zh,饮料,官网分类页确认；保留已确认中文二级类目，规格源仍单独标记污染,https://www.action.com/es-es/p/2557704/troppie/,0,2026-08-30
product,2574845,cat2_zh,自行车,官网分类页确认；保留已确认中文二级类目，规格源仍单独标记污染,https://www.action.com/es-es/p/2574845/cable-antirrobo-walfort/,0,2026-08-30
product,2577222,cat2_zh,汽车用品,官网分类页确认；保留已确认中文二级类目，规格源仍单独标记污染,https://www.action.com/es-es/p/2577222/c-c/,0,2026-08-30
product,3005291,cat2_zh,文具,官网分类页确认；保留已确认中文二级类目，规格源仍单独标记污染,https://www.action.com/es-es/p/3005291/boligrafo-de-gel/,0,2026-08-30
product,2563019,name_zh_standard,浴袍,review_id=d070368a1545cac4f3023687,UNIFIED_REVIEW_QUEUE,0,2026-08-27T09:41:46+08:00
product,2563019,spec_zh_standard,S-XL码 | 不同款式,review_id=04ae2d9162b9ab17161dcf3f,UNIFIED_REVIEW_QUEUE,0,2026-08-27T09:41:24+08:00
product,2568889,name_zh_standard,开襟羊毛衫,review_id=99ef6b96e65bd2ce48ebd7d7,UNIFIED_REVIEW_QUEUE,0,2026-08-27T09:41:40+08:00
product,2568889,spec_zh_standard,尺码S-XL｜多色,review_id=65200649096d654f050da1bf,UNIFIED_REVIEW_QUEUE,0,2026-08-27T09:41:35+08:00
product,2576247,name_zh_standard,家居袜,review_id=6106fec09a3eef3c45108789,UNIFIED_REVIEW_QUEUE,0,2026-08-27T09:41:34+08:00
product,2576247,spec_zh_standard,尺码35-42 | 3双 | 多色,review_id=b890ec20c07e8fcac3e9b1d0,UNIFIED_REVIEW_QUEUE,0,2026-08-27T09:41:42+08:00
product,3000782,name_zh_standard,Dumil纸杯,review_id=c386edd253cbe698c8f376ad,UNIFIED_REVIEW_QUEUE,0,2026-08-27T09:41:44+08:00
product,3000782,spec_zh_standard,60个 | 200毫升,review_id=613bfe46ac9e1bd12ca81ff5,UNIFIED_REVIEW_QUEUE,0,2026-08-27T09:41:34+08:00
product,3001960,name_zh_standard,拖鞋,review_id=13eedef529fd154a3f9da986,UNIFIED_REVIEW_QUEUE,0,2026-08-27T09:41:26+08:00
product,3001960,spec_zh_standard,尺码36-41 | 多种款式,review_id=bdfcd702deafd47d0b5c5d57,UNIFIED_REVIEW_QUEUE,0,2026-08-27T09:41:43+08:00
product,3002303,name_zh_standard,圈圈纱围巾,review_id=3322451128d5a3151bf78747,UNIFIED_REVIEW_QUEUE,0,2026-08-27T09:41:30+08:00
product,3002303,spec_zh_standard,176x50厘米 | 多种款式,review_id=441b5d3bbfc0b0de5ea865e5,UNIFIED_REVIEW_QUEUE,0,2026-08-27T09:41:31+08:00
product,3003233,name_zh_standard,珍宝珠润唇膏,review_id=5a8e5c2d00215913ee6ec07b,UNIFIED_REVIEW_QUEUE,0,2026-08-27T09:41:33+08:00
product,3003233,spec_zh_standard,5支装,review_id=c024f44b00e8603cce50b312,UNIFIED_REVIEW_QUEUE,0,2026-08-27T09:41:43+08:00
product,3006554,name_zh_standard,拖鞋,review_id=e94818e2ba050c198024c909,UNIFIED_REVIEW_QUEUE,0,2026-08-27T09:41:49+08:00
product,3006554,spec_zh_standard,尺码 37-41 | 多种款式,review_id=a5ef2a20cb63d9a383a997b8,UNIFIED_REVIEW_QUEUE,0,2026-08-27T09:41:40+08:00
product,3008847,name_zh_standard,永久性记号笔,review_id=af1e343621df9049c694192a,UNIFIED_REVIEW_QUEUE,0,2026-08-27T09:41:42+08:00
product,3008847,spec_zh_standard,24支装,review_id=68d83752b3a754f9de340043,UNIFIED_REVIEW_QUEUE,0,2026-08-27T09:41:36+08:00
product,3011006,name_zh_standard,毛绒毯,review_id=25777fa33c4466298751127d,UNIFIED_REVIEW_QUEUE,0,2026-08-27T09:41:27+08:00
product,3011006,spec_zh_standard,150x200厘米 | 多种款式,review_id=2a8e13bbc0e799ee0a944d21,UNIFIED_REVIEW_QUEUE,0,2026-08-27T09:41:28+08:00
product,3011648,name_zh_standard,妮维雅男士清新沐浴露,review_id=eec15f3d5809ea08d6b7c593,UNIFIED_REVIEW_QUEUE,0,2026-08-27T09:41:50+08:00
product,3011648,spec_zh_standard,250毫升,review_id=6d2d51b65d9a8d42efafe0d8,UNIFIED_REVIEW_QUEUE,0,2026-08-27T09:41:36+08:00
product,3015095,name_zh_standard,舒适长裤,review_id=3d70bf5648c74521dbdf3c26,UNIFIED_REVIEW_QUEUE,0,2026-08-27T09:41:31+08:00
product,3015095,spec_zh_standard,S-XL码 | 多色,review_id=da0c10901b564951a7f8fb7c,UNIFIED_REVIEW_QUEUE,0,2026-08-27T09:41:47+08:00
product,3015578,name_zh_standard,Werckmann立式工作灯,review_id=28252163012d19059a2f69c4,UNIFIED_REVIEW_QUEUE,0,2026-08-27T09:41:28+08:00
product,3015578,spec_zh_standard,200+50流明,review_id=d939112bd1f783b37322757a,UNIFIED_REVIEW_QUEUE,0,2026-08-27T09:41:47+08:00
product,3016637,name_zh_standard,带灯玻璃苹果,review_id=2de8d290b08d5a853b3972e5,UNIFIED_REVIEW_QUEUE,0,2026-08-27T09:41:29+08:00
product,3016637,spec_zh_standard,直径7x8.5厘米 | 多种颜色,review_id=aa3a92fe06c3b83beff2c57c,UNIFIED_REVIEW_QUEUE,0,2026-08-27T09:41:41+08:00
product,3200618,name_zh_standard,发圈,review_id=edf0896beb444e4c3244dc48,UNIFIED_REVIEW_QUEUE,0,2026-08-27T09:41:50+08:00
product,3200618,spec_zh_standard,6件装 | 多种颜色,review_id=9ba61d29781b5978454b453f,UNIFIED_REVIEW_QUEUE,0,2026-08-27T09:41:40+08:00
product,3201262,name_zh_standard,Werckmann 照明帽,review_id=c20a7620ee403325e1b9a8e7,UNIFIED_REVIEW_QUEUE,0,2026-08-27T09:41:43+08:00
product,3201262,spec_zh_standard,40流明,review_id=0f3019f574de237f2bc09bea,UNIFIED_REVIEW_QUEUE,0,2026-08-27T09:41:25+08:00
product,3201441,name_zh_standard,Alison & Mae 雪尼尔编织毛线,review_id=4ca490c60a8f26fd9882a9fb,UNIFIED_REVIEW_QUEUE,0,2026-08-27T09:41:32+08:00
product,3201441,spec_zh_standard,300克 | 多种颜色,review_id=37c139a8586805fff824e154,UNIFIED_REVIEW_QUEUE,0,2026-08-27T09:41:30+08:00
product,3201687,name_zh_standard,人造悬挂植物,review_id=01bd132787c9b19db3642061,UNIFIED_REVIEW_QUEUE,0,2026-08-27T09:40:18+08:00
product,3201687,spec_zh_standard,不同款式,review_id=d82e57fa33ea394d6f2ce34d,UNIFIED_REVIEW_QUEUE,0,2026-08-27T09:41:46+08:00
product,3201830,locked,1,第二阶段人工审查结果锁定，防止后续模型覆盖,STAGE2_HUMAN_REVIEW_2026-08-25,1,2026-08-25
product,3201830,name_zh_standard,拖鞋,review_id=4c1594cfc0209cdea9cb3a61,UNIFIED_REVIEW_QUEUE,0,2026-08-27T09:41:32+08:00
product,3201830,spec_zh_standard,尺码36-41｜多款可选,review_id=cb61d9a6c814092ebf35ce9e,UNIFIED_REVIEW_QUEUE,0,2026-08-27T09:41:45+08:00
product,3202721,name_zh_standard,Favora's 巧克力松露,review_id=eeeb3fe62b0ede02447a59f2,UNIFIED_REVIEW_QUEUE,0,2026-08-27T09:41:50+08:00
product,3202721,spec_zh_standard,400克,review_id=abdcd865b955f024ac87a287,UNIFIED_REVIEW_QUEUE,0,2026-08-27T09:41:41+08:00
product,3204983,name_zh_standard,CreaScents香薰油,review_id=78ce434c36ff8379613e2f92,UNIFIED_REVIEW_QUEUE,0,2026-08-27T09:41:38+08:00
product,3204983,spec_zh_standard,5x10毫升 | 不同款式,review_id=96349418a67f52ae93781533,UNIFIED_REVIEW_QUEUE,0,2026-08-27T09:41:39+08:00
product,3206019,name_zh_standard,万圣节自粘假指甲,review_id=c4f4220da166e12a92c7d628,UNIFIED_REVIEW_QUEUE,0,2026-08-27T09:41:44+08:00
product,3206019,spec_zh_standard,24片 | 不同款式,review_id=c5eeea3f68876f6e23f64134,UNIFIED_REVIEW_QUEUE,0,2026-08-27T09:41:44+08:00
product,3208114,name_zh_standard,欧元巧克力硬币,review_id=a56b5b8eae59ff00d3cc0a7a,UNIFIED_REVIEW_QUEUE,0,2026-08-27T09:41:40+08:00
product,3208114,spec_zh_standard,50克,review_id=4099b1578c23e8022355d73e,UNIFIED_REVIEW_QUEUE,0,2026-08-27T09:41:31+08:00
product,3208364,name_zh_standard,餐具,review_id=de6db22d1e7d60282d054b35,UNIFIED_REVIEW_QUEUE,0,2026-08-27T09:41:48+08:00
product,3208364,spec_zh_standard,24件套,review_id=189b5da73a3087acb9359e4f,UNIFIED_REVIEW_QUEUE,0,2026-08-27T09:41:26+08:00
product,3208505,name_zh_standard,钻石画曼陀罗,review_id=632c0443f10fa82ded3bc0cb,UNIFIED_REVIEW_QUEUE,0,2026-08-27T09:41:35+08:00
product,3208505,spec_zh_standard,直径30厘米 | 多种款式,review_id=763571a981ddf112ccb64df4,UNIFIED_REVIEW_QUEUE,0,2026-08-27T09:41:37+08:00
product,3209615,locked,1,第二阶段人工审查结果锁定，防止后续模型覆盖,STAGE2_HUMAN_REVIEW_2026-08-25,1,2026-08-25
product,3209615,name_zh_standard,Furby Furblets电子宠物,第二阶段人工审查：类目、规格或详情足以确认商品本体,STAGE2_HUMAN_REVIEW_2026-08-25,1,2026-08-25
product,3209639,locked,1,第二阶段人工审查结果锁定，防止后续模型覆盖,STAGE2_HUMAN_REVIEW_2026-08-25,1,2026-08-25
product,3209639,name_zh_standard,Rodeo混合糖果,第二阶段人工审查：类目、规格或详情足以确认商品本体,STAGE2_HUMAN_REVIEW_2026-08-25,1,2026-08-25
product,3209865,locked,1,第二阶段人工审查结果锁定，防止后续模型覆盖,STAGE2_HUMAN_REVIEW_2026-08-25,1,2026-08-25
product,3209865,name_zh_standard,Gabby's Dollhouse玩具套装,第二阶段人工审查：类目、规格或详情足以确认商品本体,STAGE2_HUMAN_REVIEW_2026-08-25,1,2026-08-25
product,3209915,locked,1,第二阶段人工审查结果锁定，防止后续模型覆盖,STAGE2_HUMAN_REVIEW_2026-08-25,1,2026-08-25
product,3209915,name_zh_standard,Absolu Chic Paris毛毯,第二阶段人工审查：类目、规格或详情足以确认商品本体,STAGE2_HUMAN_REVIEW_2026-08-25,1,2026-08-25
product,3209975,locked,1,第二阶段人工审查结果锁定，防止后续模型覆盖,STAGE2_HUMAN_REVIEW_2026-08-25,1,2026-08-25
product,3209975,name_zh_standard,锯齿纹装饰靠垫,第二阶段人工审查：类目、规格或详情足以确认商品本体,STAGE2_HUMAN_REVIEW_2026-08-25,1,2026-08-25
product,3210121,name_zh_standard,M&M's花生巧克力豆限量版,review_id=0e8b5184b50dbdb8c95e49a3,UNIFIED_REVIEW_QUEUE,0,2026-08-27T09:41:25+08:00
product,3210121,spec_zh_standard,250克,review_id=d050f985976d56a3bb59e91f,UNIFIED_REVIEW_QUEUE,0,2026-08-27T09:41:45+08:00
product,3210263,locked,1,第二阶段人工审查结果锁定，防止后续模型覆盖,STAGE2_HUMAN_REVIEW_2026-08-25,1,2026-08-25
product,3210263,name_zh_standard,TCX防裂丙烯酸密封胶套装,第二阶段人工审查：类目、规格或详情足以确认商品本体,STAGE2_HUMAN_REVIEW_2026-08-25,1,2026-08-25
product,3210285,locked,1,第二阶段人工审查结果锁定，防止后续模型覆盖,STAGE2_HUMAN_REVIEW_2026-08-25,1,2026-08-25
product,3210285,name_zh_standard,3M Command装饰夹,第二阶段人工审查：类目、规格或详情足以确认商品本体,STAGE2_HUMAN_REVIEW_2026-08-25,1,2026-08-25
product,3212343,name_zh_standard,闪粉（适用于头发、身体和面部）,review_id=d1585c3e722bace209c738e5,UNIFIED_REVIEW_QUEUE,0,2026-08-27T09:41:46+08:00
product,3212343,spec_zh_standard,不同款式,review_id=65be8385702f34117d3ea560,UNIFIED_REVIEW_QUEUE,0,2026-08-27T09:41:35+08:00
product,3214923,name_zh_standard,带支架托盘,review_id=b98118112ecef8a3cf97de37,UNIFIED_REVIEW_QUEUE,0,2026-08-27T09:41:42+08:00
product,3214923,spec_zh_standard,直径28x7.5厘米 | 不同款式,review_id=f30c13df900033503a2a1bd7,UNIFIED_REVIEW_QUEUE,0,2026-08-27T09:41:51+08:00
product,3215276,name_zh_standard,双头马克笔,review_id=c098c2f15ec5f7a52951b7ac,UNIFIED_REVIEW_QUEUE,0,2026-08-27T09:41:43+08:00
product,3215276,spec_zh_standard,60支 | 不同款式,review_id=d1980ccda456bf52cab7af93,UNIFIED_REVIEW_QUEUE,0,2026-08-27T09:41:46+08:00
product,3216790,name_zh_standard,3D手工迷你模型 哈利波特,review_id=370738b55d9cab0801a9da09,UNIFIED_REVIEW_QUEUE,0,2026-08-27T09:41:30+08:00
product,3216790,spec_zh_standard,多种款式,review_id=cfc8f84adc99ee5b5d827527,UNIFIED_REVIEW_QUEUE,0,2026-08-27T09:41:45+08:00
product,3216966,name_zh_standard,Dani抱枕套,review_id=5c180414a70342790b176508,UNIFIED_REVIEW_QUEUE,0,2026-08-27T09:41:33+08:00
product,3216966,spec_zh_standard,45x45厘米 | 多种颜色,review_id=43bf24d49614d0345245faef,UNIFIED_REVIEW_QUEUE,0,2026-08-27T09:41:31+08:00
product,3217018,name_zh_standard,摇粒绒居家套装,review_id=030ea6d35e1e9373e055f99b,UNIFIED_REVIEW_QUEUE,0,2026-08-27T09:41:24+08:00
product,3217018,spec_zh_standard,S-XL码 | 多色,review_id=e5dcf6cb102a24853b3ad38c,UNIFIED_REVIEW_QUEUE,0,2026-08-27T09:41:49+08:00
product,3217077,name_zh_standard,睡衣,review_id=e22356a1b8fe342b2481e05a,UNIFIED_REVIEW_QUEUE,0,2026-08-27T09:41:48+08:00
product,3217077,spec_zh_standard,尺码S-XL | 多种款式,review_id=259943cb9e9648bb736787cc,UNIFIED_REVIEW_QUEUE,0,2026-08-27T09:41:27+08:00
product,3217087,name_zh_standard,保暖内衣,review_id=d53823578150025aa42d2bbd,UNIFIED_REVIEW_QUEUE,0,2026-08-27T09:41:46+08:00
product,3217087,spec_zh_standard,尺码S-XL,review_id=af60a43425b5316cb7b7e76d,UNIFIED_REVIEW_QUEUE,0,2026-08-27T09:41:42+08:00
product,3217096,name_zh_standard,居家套装,review_id=60b4d921f75f93e891b94ae3,UNIFIED_REVIEW_QUEUE,0,2026-08-27T09:41:34+08:00
product,3217096,spec_zh_standard,S-XL码 | 多色,review_id=2f45037677a1ad265c3f54ca,UNIFIED_REVIEW_QUEUE,0,2026-08-27T09:41:29+08:00
product,3217162,locked,1,第二阶段人工审查结果锁定，防止后续模型覆盖,STAGE2_HUMAN_REVIEW_2026-08-25,1,2026-08-25
product,3217162,name_zh_standard,帽子,review_id=f84b336d705f5a7733ad570e,UNIFIED_REVIEW_QUEUE,0,2026-08-27T09:41:51+08:00
product,3217162,spec_zh_standard,均码，多色可选,review_id=0ae87eebdf0616beeec981db,UNIFIED_REVIEW_QUEUE,0,2026-08-27T09:41:25+08:00
product,3217163,name_zh_standard,拖鞋,review_id=3c519b8c23e6d59a767b60f7,UNIFIED_REVIEW_QUEUE,0,2026-08-27T09:41:30+08:00
product,3217163,spec_zh_standard,尺码37-41 | 多种颜色,review_id=4baf90eec222048dedc8b8f3,UNIFIED_REVIEW_QUEUE,0,2026-08-27T09:41:32+08:00
product,3217164,name_zh_standard,雪尼尔袜,review_id=3c611527a273da7f169db3b8,UNIFIED_REVIEW_QUEUE,0,2026-08-27T09:41:30+08:00
product,3217164,spec_zh_standard,尺码35-42 | 不同款式,review_id=09540ab4a7e59f72341bc0bb,UNIFIED_REVIEW_QUEUE,0,2026-08-27T09:41:25+08:00
product,3217190,name_zh_standard,LED闹钟,review_id=e33e7d1e704e7270d7811d5c,UNIFIED_REVIEW_QUEUE,0,2026-08-27T09:41:48+08:00
product,3217190,spec_zh_standard,多种颜色,review_id=2545995fa3f85a8c90860fe2,UNIFIED_REVIEW_QUEUE,0,2026-08-27T09:41:27+08:00
product,3217194,name_zh_standard,长蜡烛烛台,review_id=801b6dae0d5bc31eceaf9e59,UNIFIED_REVIEW_QUEUE,0,2026-08-27T09:41:38+08:00
product,3217194,spec_zh_standard,3件装 | 多种颜色,review_id=fc058fa68fbedc2da74b3bbf,UNIFIED_REVIEW_QUEUE,0,2026-08-27T09:41:51+08:00
product,3217299,name_zh_standard,烟灰缸,review_id=6325ce0b10f51c773dee2623,UNIFIED_REVIEW_QUEUE,0,2026-08-27T09:41:35+08:00
product,3217299,spec_zh_standard,直径 9.5厘米,review_id=dd68d144ded01bb2baaaef79,UNIFIED_REVIEW_QUEUE,0,2026-08-27T09:41:48+08:00
product,3217354,name_zh_standard,袜子,review_id=2bd22c1e4f9f4f5265af8df0,UNIFIED_REVIEW_QUEUE,0,2026-08-27T09:41:29+08:00
product,3217354,spec_zh_standard,尺码35-42 | 多种款式,review_id=dc376cb2a496019d615ce15b,UNIFIED_REVIEW_QUEUE,0,2026-08-27T09:41:47+08:00
product,3217378,name_zh_standard,毛绒拖鞋,review_id=0e4796a0018a789dd7ddf6e9,UNIFIED_REVIEW_QUEUE,0,2026-08-27T09:41:25+08:00
product,3217378,spec_zh_standard,尺码37-41 | 多种颜色,review_id=6c8c74e9c478f94e5aa2d02c,UNIFIED_REVIEW_QUEUE,0,2026-08-27T09:41:36+08:00
product,3217383,name_zh_standard,拖鞋,review_id=54c76dedb18a9bb0f26e750a,UNIFIED_REVIEW_QUEUE,0,2026-08-27T09:41:33+08:00
product,3217383,spec_zh_standard,尺码40-45 | 多种款式,review_id=d45e0d280cab9f258eaaa86a,UNIFIED_REVIEW_QUEUE,0,2026-08-27T09:41:46+08:00
product,3217434,name_zh_standard,泡泡抱枕套,review_id=392b89775c2e20f4456fadaa,UNIFIED_REVIEW_QUEUE,0,2026-08-27T09:41:30+08:00
product,3217434,spec_zh_standard,45x45厘米 | 多色,review_id=659a96e4f19f477123063163,UNIFIED_REVIEW_QUEUE,0,2026-08-27T09:41:35+08:00
product,3218007,locked,1,第二阶段人工审查结果锁定，防止后续模型覆盖,STAGE2_HUMAN_REVIEW_2026-08-25,1,2026-08-25
product,3218007,name_zh_standard,墙面装饰,第二阶段人工审查：类目、规格或详情足以确认商品本体,STAGE2_HUMAN_REVIEW_2026-08-25,1,2026-08-25
product,3218503,name_zh_standard,碗,review_id=23942f3a4d59203b66602c1a,UNIFIED_REVIEW_QUEUE,0,2026-08-27T09:41:26+08:00
product,3218503,spec_zh_standard,直径10x4.5厘米 | 多种颜色,review_id=70ac0b35dd8062cc6192f8e9,UNIFIED_REVIEW_QUEUE,0,2026-08-27T09:41:37+08:00
product,3218511,name_zh_standard,Sitecom无线充电支架,review_id=e5f3da865ba4f5e7ac47e131,UNIFIED_REVIEW_QUEUE,0,2026-08-27T09:41:49+08:00
product,3218511,spec_zh_standard,15瓦,review_id=882ce99ac7039a657dfad09a,UNIFIED_REVIEW_QUEUE,0,2026-08-27T09:41:38+08:00
product,3218590,name_zh_standard,DAY冰箱收纳盒,review_id=61d8596fe93b98b4568e58ff,UNIFIED_REVIEW_QUEUE,0,2026-08-27T09:41:34+08:00
product,3218590,spec_zh_standard,21x15x10厘米 | 多种颜色,review_id=8cdd88e0d93ac2266e0b2848,UNIFIED_REVIEW_QUEUE,0,2026-08-27T09:41:39+08:00
product,3218998,name_zh_standard,睡衣,review_id=d88e61e11d650b9828cf066a,UNIFIED_REVIEW_QUEUE,0,2026-08-27T09:41:47+08:00
product,3218998,spec_zh_standard,尺码 S-XL | 多种颜色,review_id=28b604b1d5d4145cda43e151,UNIFIED_REVIEW_QUEUE,0,2026-08-27T09:41:28+08:00
product,3219303,name_zh_standard,贴纸书,review_id=66131829ddbaeded4902f183,UNIFIED_REVIEW_QUEUE,0,2026-08-27T09:41:36+08:00
product,3219303,spec_zh_standard,24页 | 多种款式,review_id=78716e8243c413cfbe1b1d9d,UNIFIED_REVIEW_QUEUE,0,2026-08-27T09:41:37+08:00
product,3219602,name_zh_standard,极光投影仪,review_id=1b56dd52a1dc6c3cf2eb7595,UNIFIED_REVIEW_QUEUE,0,2026-08-27T09:41:26+08:00
product,3219602,spec_zh_standard,8种模式,review_id=7af3c93e5c02312280a3be0f,UNIFIED_REVIEW_QUEUE,0,2026-08-27T09:41:38+08:00
product,3219656,locked,1,第二阶段人工审查结果锁定，防止后续模型覆盖,STAGE2_HUMAN_REVIEW_2026-08-25,1,2026-08-25
product,3219656,name_zh_standard,Zed Candy USA硬糖,第二阶段人工审查：类目、规格或详情足以确认商品本体,STAGE2_HUMAN_REVIEW_2026-08-25,1,2026-08-25
product,3220335,name_zh_standard,笔袋,review_id=2ab6bf35079348391fb31037,UNIFIED_REVIEW_QUEUE,0,2026-08-27T09:41:28+08:00
product,3220335,spec_zh_standard,直径6.5x21厘米 | 多种颜色,review_id=63199b4e0072c68e2b462522,UNIFIED_REVIEW_QUEUE,0,2026-08-27T09:41:34+08:00
product,3220638,name_zh_standard,毛毡板,review_id=9b118e19b8c94d688dd17e78,UNIFIED_REVIEW_QUEUE,0,2026-08-27T09:41:40+08:00
product,3220638,spec_zh_standard,30x45厘米 | 多种颜色,review_id=fd6f306e6ae3dfa3759bc39b,UNIFIED_REVIEW_QUEUE,0,2026-08-27T09:41:52+08:00
product,3221691,name_zh_standard,丙烯酸马克笔,review_id=ce82b4d97fa18a249027c169,UNIFIED_REVIEW_QUEUE,0,2026-08-27T09:41:45+08:00
product,3221691,spec_zh_standard,40支装,review_id=95af60d0f6b7f43703709497,UNIFIED_REVIEW_QUEUE,0,2026-08-27T09:41:39+08:00
product,3221876,name_zh_standard,霓虹灯箱,review_id=e4eca2995b688ee46d0b9ae5,UNIFIED_REVIEW_QUEUE,0,2026-08-27T09:41:49+08:00
product,3221876,spec_zh_standard,28x15x4.5厘米 | 多种款式,review_id=2423017c4fb27c10004ab46a,UNIFIED_REVIEW_QUEUE,0,2026-08-27T09:41:27+08:00
product,3222067,name_zh_standard,购物手推车,review_id=c656183c70ba7856a4aa7b58,UNIFIED_REVIEW_QUEUE,0,2026-08-27T09:41:44+08:00
product,3222067,spec_zh_standard,30升,review_id=447548f65aa7b36061e51fbb,UNIFIED_REVIEW_QUEUE,0,2026-08-27T09:41:31+08:00
product,3222069,name_zh_standard,硅胶刮刀,review_id=28f7b0e9b43737ec6de96edd,UNIFIED_REVIEW_QUEUE,0,2026-08-27T09:41:28+08:00
product,3222069,spec_zh_standard,28厘米 | 多种颜色,review_id=c80b67160767d2bc65dea3ad,UNIFIED_REVIEW_QUEUE,0,2026-08-27T09:41:44+08:00
product,3222258,name_zh_standard,餐垫,review_id=29838f180c72cab6bee5af2c,UNIFIED_REVIEW_QUEUE,0,2026-08-27T09:41:28+08:00
product,3222258,spec_zh_standard,直径38厘米 | 2件 | 多种颜色,review_id=56d763791eb0d58f923a95c3,UNIFIED_REVIEW_QUEUE,0,2026-08-27T09:41:33+08:00
product,3222377,locked,1,第二阶段人工审查结果锁定，防止后续模型覆盖,STAGE2_HUMAN_REVIEW_2026-08-25,1,2026-08-25
product,3222377,name_zh_standard,K歌套装,第二阶段人工审查：类目、规格或详情足以确认商品本体,STAGE2_HUMAN_REVIEW_2026-08-25,1,2026-08-25
product,3222535,name_zh_standard,笔记本套装,review_id=d9bb608675498247e1e11ede,UNIFIED_REVIEW_QUEUE,0,2026-08-27T09:41:47+08:00
product,3222535,spec_zh_standard,不同款式,review_id=a7f7abc8981d8875d6e20bc5,UNIFIED_REVIEW_QUEUE,0,2026-08-27T09:41:41+08:00
product,3223230,locked,1,第二阶段人工审查结果锁定，防止后续模型覆盖,STAGE2_HUMAN_REVIEW_2026-08-25,1,2026-08-25
product,3223230,name_zh_standard,巧克力太妃糖果,GLOBAL_DICTIONARY_TRANSLATION_RESIDUAL_REPAIR,GPT_MODEL_TRANSLATION_2026-09-15,0,2026-09-15T16:48:06+08:00
product,3223294,name_zh_standard,Haribo F!ZZ酸味软糖,AUDIT_REPAIR:可信西语原文 Haribo F!ZZ Sour,UNIFIED_REVIEW_QUEUE,0,2026-08-27T10:00:55+08:00
product,3223294,spec_zh_standard,400克,AUDIT_REPAIR:可信西语规格 400 gramos,UNIFIED_REVIEW_QUEUE,0,2026-08-27T10:00:55+08:00
product,3223498,name_zh_standard,Sologic 充电和数据线,review_id=05c49142dd4d035cd2fbf0e4,UNIFIED_REVIEW_QUEUE,0,2026-08-27T09:41:25+08:00
product,3223498,spec_zh_standard,18-60瓦 | 3条装,review_id=274e34200701720963672f6a,UNIFIED_REVIEW_QUEUE,0,2026-08-27T09:41:27+08:00
product,3224691,name_zh_standard,C&C汽车清洁套装,review_id=c039c0972e28892a0e2ffc1c,UNIFIED_REVIEW_QUEUE,0,2026-08-27T09:41:43+08:00
product,3224691,spec_zh_standard,7件套,review_id=1fe0af834cd82e53db7bacd1,UNIFIED_REVIEW_QUEUE,0,2026-08-27T09:41:26+08:00
product,3224704,name_zh_standard,Natural Heroes 沐浴露和淋浴露,review_id=ff00d5a3b6b4d337ff665fb7,UNIFIED_REVIEW_QUEUE,0,2026-08-27T09:41:52+08:00
product,3224704,spec_zh_standard,500毫升 | 多种款式,review_id=fb661bb25ccf95997c8a72e1,UNIFIED_REVIEW_QUEUE,0,2026-08-27T09:41:51+08:00
product,3224719,name_zh_standard,La Isla Living地毯,review_id=7857b6d1b0a9071cd95916ce,UNIFIED_REVIEW_QUEUE,0,2026-08-27T09:41:37+08:00
product,3224719,spec_zh_standard,133x190厘米 | 多种颜色,review_id=f062ea75762ff46f33ef06ba,UNIFIED_REVIEW_QUEUE,0,2026-08-27T09:41:50+08:00
product,3224809,name_zh_standard,Beeztees 狗狗毛绒玩具,review_id=5c53b318c057a199c566e721,UNIFIED_REVIEW_QUEUE,0,2026-08-27T09:41:33+08:00
product,3224809,spec_zh_standard,25厘米 | 多种款式,review_id=c682f9d2c58fce7284f0974b,UNIFIED_REVIEW_QUEUE,0,2026-08-27T09:41:44+08:00
product,3224836,name_zh_standard,羊毛夹克,review_id=e75b677334f2561d77ed192e,UNIFIED_REVIEW_QUEUE,0,2026-08-27T09:41:49+08:00
product,3224836,spec_zh_standard,尺码 S-XL | 多种颜色,review_id=2bf022e9c19b479ae30b90be,UNIFIED_REVIEW_QUEUE,0,2026-08-27T09:41:29+08:00
product,3224837,name_zh_standard,居家套装,review_id=c29cce00fd77daeffdcdec52,UNIFIED_REVIEW_QUEUE,0,2026-08-27T09:41:43+08:00
product,3224837,spec_zh_standard,S-XL码 | 多种颜色,review_id=ab219261226e0608c6465a29,UNIFIED_REVIEW_QUEUE,0,2026-08-27T09:41:41+08:00
product,3224863,name_zh_standard,睡衣,review_id=7e769b214396da8870c4c5fb,UNIFIED_REVIEW_QUEUE,0,2026-08-27T09:41:38+08:00
product,3224863,spec_zh_standard,S-XL码 | 多色,review_id=c901e084bd6bd9fa0d192583,UNIFIED_REVIEW_QUEUE,0,2026-08-27T09:41:45+08:00
product,3225113,name_zh_standard,Alexia 窗帘,review_id=0b16c55095a7a1d41286fa92,UNIFIED_REVIEW_QUEUE,0,2026-08-27T09:41:25+08:00
product,3225113,spec_zh_standard,140x260厘米 | 多种颜色,review_id=2e255285ed1d5c870db5dfea,UNIFIED_REVIEW_QUEUE,0,2026-08-27T09:41:29+08:00
product,3225162,name_zh_standard,万圣节碗,review_id=9ca7e973af87d50adf75b02a,UNIFIED_REVIEW_QUEUE,0,2026-08-27T09:41:40+08:00
product,3225162,spec_zh_standard,14厘米 | 多种款式,review_id=2c9cf85bf143fac74081f7b7,UNIFIED_REVIEW_QUEUE,0,2026-08-27T09:41:29+08:00
product,3225163,name_zh_standard,万圣节马克杯,review_id=92974deaa012f12bf3634e06,UNIFIED_REVIEW_QUEUE,0,2026-08-27T09:41:39+08:00
product,3225163,spec_zh_standard,300毫升 | 多种款式,review_id=794cac3f9b3ddd3897f8bf87,UNIFIED_REVIEW_QUEUE,0,2026-08-27T09:41:38+08:00
product,3225223,name_zh_standard,Asevi Color 洗衣液,review_id=bcb499de2d983a72725005df,UNIFIED_REVIEW_QUEUE,0,2026-08-27T09:41:43+08:00
product,3225223,spec_zh_standard,60次洗涤,review_id=ea6b51fc86801b33cd1f39e9,UNIFIED_REVIEW_QUEUE,0,2026-08-27T09:41:50+08:00
product,3225224,name_zh_standard,Asevi Blanco Activo 洗衣液,review_id=448b8158f9a5cc83ce0df283,UNIFIED_REVIEW_QUEUE,0,2026-08-27T09:41:32+08:00
product,3225224,spec_zh_standard,60次洗涤,review_id=67637a5234b0cfe3f51016ea,UNIFIED_REVIEW_QUEUE,0,2026-08-27T09:41:36+08:00
product,3225423,locked,1,第二阶段人工审查结果锁定，防止后续模型覆盖,STAGE2_HUMAN_REVIEW_2026-08-25,1,2026-08-25
product,3225423,name_zh_standard,Jacky-M自粘假指甲,review_id=e5481b571d74d6f5060a5f30,UNIFIED_REVIEW_QUEUE,0,2026-08-27T09:41:49+08:00
product,3225423,spec_zh_standard,24件装｜不同款式,review_id=8c54935721d223aa6aa66540,UNIFIED_REVIEW_QUEUE,0,2026-08-27T09:41:38+08:00
product,3225520,name_zh_standard,Kappa运动袜,review_id=69e18029f1a0757f3caf4660,UNIFIED_REVIEW_QUEUE,0,2026-08-27T09:41:36+08:00
product,3225520,spec_zh_standard,尺码35-42 | 3双 | 多种款式,review_id=a918f1b9db2b2688aaac948f,UNIFIED_REVIEW_QUEUE,0,2026-08-27T09:41:41+08:00
product,3225541,name_zh_standard,罗纹睡衣裤,review_id=a6c44ff47bfed045eed5ab7b,UNIFIED_REVIEW_QUEUE,0,2026-08-27T09:41:41+08:00
product,3225541,spec_zh_standard,S-XL码 | 不同款式,review_id=5c59da7fbb34559854382985,UNIFIED_REVIEW_QUEUE,0,2026-08-27T09:41:33+08:00
product,3225588,name_zh_standard,袜子,review_id=fc6d92c5b369b780cc4decda,UNIFIED_REVIEW_QUEUE,0,2026-08-27T09:41:51+08:00
product,3225588,spec_zh_standard,尺码35-42 | 2双 | 多种颜色,review_id=aae61d11796fc371124c7c76,UNIFIED_REVIEW_QUEUE,0,2026-08-27T09:41:41+08:00
product,3225604,name_zh_standard,万圣节花盆,review_id=53516c94a01ec8b85c4bc129,UNIFIED_REVIEW_QUEUE,0,2026-08-27T09:41:32+08:00
product,3225604,spec_zh_standard,15厘米 | 多种款式,review_id=4cefd2e0b7fb8d124edc2ff4,UNIFIED_REVIEW_QUEUE,0,2026-08-27T09:41:32+08:00
product,3225607,name_zh_standard,菱形图案餐垫,review_id=24e18adafb8df7657ec12817,UNIFIED_REVIEW_QUEUE,0,2026-08-27T09:41:27+08:00
product,3225607,spec_zh_standard,直径38x0.5厘米,review_id=e7d0a181e4a4564d5b1c75b6,UNIFIED_REVIEW_QUEUE,0,2026-08-27T09:41:49+08:00
product,3225864,name_zh_standard,辣条零食 Genji,review_id=dcf5f95580f298db12df2072,UNIFIED_REVIEW_QUEUE,0,2026-08-27T09:41:48+08:00
product,3225864,spec_zh_standard,72克,review_id=12dcff342bfb5b9eaf376241,UNIFIED_REVIEW_QUEUE,0,2026-08-27T09:41:26+08:00
product,3226012,name_zh_standard,短靴,review_id=91d5161120e3895b63392b83,UNIFIED_REVIEW_QUEUE,0,2026-08-27T09:41:39+08:00
product,3226012,spec_zh_standard,37-40码 | 多种颜色,review_id=e27d81a9db3518442a750a77,UNIFIED_REVIEW_QUEUE,0,2026-08-27T09:41:48+08:00
product,3226788,name_zh_standard,粗链手链,review_id=735be37f55d2914af90aade7,UNIFIED_REVIEW_QUEUE,0,2026-08-27T09:41:37+08:00
product,3226788,spec_zh_standard,多种颜色,review_id=b4cd4030205cf2cd73aa2221,UNIFIED_REVIEW_QUEUE,0,2026-08-27T09:41:42+08:00
product,2547172,name_zh_standard,Nivea牌橄榄油身体乳,model_review_20260828,MODEL_ASSISTED,0,2026-08-28T00:00:00+08:00
product,2547172,spec_zh_standard,400毫升,model_review_20260828,MODEL_ASSISTED,0,2026-08-28T00:00:00+08:00
product,3003529,name_zh_standard,Dumil牌脚踏式垃圾袋,model_review_20260828,MODEL_ASSISTED,0,2026-08-28T00:00:00+08:00
product,3003529,spec_zh_standard,20-25升｜30只,model_review_20260828,MODEL_ASSISTED,0,2026-08-28T00:00:00+08:00
product,3009377,name_zh_standard,Limpro牌吸湿剂替换装,model_review_20260828,MODEL_ASSISTED,0,2026-08-28T00:00:00+08:00
product,3009377,spec_zh_standard,450克,model_review_20260828,MODEL_ASSISTED,0,2026-08-28T00:00:00+08:00
product,3208366,name_zh_standard,锅,model_review_20260828,MODEL_ASSISTED,0,2026-08-28T00:00:00+08:00
product,3208366,spec_zh_standard,直径16厘米,model_review_20260828,MODEL_ASSISTED,0,2026-08-28T00:00:00+08:00
product,3207546,name_zh_standard,浴室地垫,model_review_20260828,MODEL_ASSISTED,0,2026-08-28T00:00:00+08:00
product,3207546,spec_zh_standard,50×80厘米｜多种颜色,model_review_20260828,MODEL_ASSISTED,0,2026-08-28T00:00:00+08:00
product,3214834,name_zh_standard,香薰藤条,model_review_20260828,MODEL_ASSISTED,0,2026-08-28T00:00:00+08:00
product,3214834,spec_zh_standard,1升｜多种款式,model_review_20260828,MODEL_ASSISTED,0,2026-08-28T00:00:00+08:00
product,3215137,name_zh_standard,带盖收纳盒,model_review_20260828,MODEL_ASSISTED,0,2026-08-28T00:00:00+08:00
product,3215137,spec_zh_standard,11升｜34×26×15厘米,model_review_20260828,MODEL_ASSISTED,0,2026-08-28T00:00:00+08:00
product,3217097,name_zh_standard,居家休闲套装,model_review_20260828,MODEL_ASSISTED,0,2026-08-28T00:00:00+08:00
product,3217097,spec_zh_standard,S-XL码｜多种颜色,model_review_20260828,MODEL_ASSISTED,0,2026-08-28T00:00:00+08:00
product,3218512,name_zh_standard,XL上菜托盘,model_review_20260828,MODEL_ASSISTED,0,2026-08-28T00:00:00+08:00
product,3218512,spec_zh_standard,58×19厘米,model_review_20260828,MODEL_ASSISTED,0,2026-08-28T00:00:00+08:00
product,3220359,name_zh_standard,脚踏式垃圾桶,model_review_20260828,MODEL_ASSISTED,0,2026-08-28T00:00:00+08:00
product,3220359,spec_zh_standard,5升｜24×20×29厘米,model_review_20260828,MODEL_ASSISTED,0,2026-08-28T00:00:00+08:00
product,3220838,name_zh_standard,三合一枕头,model_review_20260828,MODEL_ASSISTED,0,2026-08-28T00:00:00+08:00
product,3220838,spec_zh_standard,50×60厘米｜4件,model_review_20260828,MODEL_ASSISTED,0,2026-08-28T00:00:00+08:00
product,3222372,name_zh_standard,Glade Essences薰衣草凝胶香氛,model_review_20260828,MODEL_ASSISTED,0,2026-08-28T00:00:00+08:00
product,3222372,spec_zh_standard,180克,model_review_20260828,MODEL_ASSISTED,0,2026-08-28T00:00:00+08:00
product,3223677,name_zh_standard,杯子,model_review_20260828,MODEL_ASSISTED,0,2026-08-28T00:00:00+08:00
product,3223677,spec_zh_standard,800毫升｜多种颜色,model_review_20260828,MODEL_ASSISTED,0,2026-08-28T00:00:00+08:00
product,3224015,name_zh_standard,万圣节摆件,model_review_20260828,MODEL_ASSISTED,0,2026-08-28T00:00:00+08:00
product,3224015,spec_zh_standard,38厘米｜多种款式,model_review_20260828,MODEL_ASSISTED,0,2026-08-28T00:00:00+08:00
product,3224714,name_zh_standard,四子棋游戏,model_review_20260828,MODEL_ASSISTED,0,2026-08-28T00:00:00+08:00
product,3224714,spec_zh_standard,适合2人,model_review_20260828,MODEL_ASSISTED,0,2026-08-28T00:00:00+08:00
product,3224715,name_zh_standard,Kawaii拼装积木套装,model_review_20260828,MODEL_ASSISTED,0,2026-08-28T00:00:00+08:00
product,3224715,spec_zh_standard,多种款式,model_review_20260828,MODEL_ASSISTED,0,2026-08-28T00:00:00+08:00
product,3225093,name_zh_standard,罗纹羊毛被套,model_review_20260828,MODEL_ASSISTED,0,2026-08-28T00:00:00+08:00
product,3225093,spec_zh_standard,220×240厘米｜多种颜色,model_review_20260828,MODEL_ASSISTED,0,2026-08-28T00:00:00+08:00
product,3225473,name_zh_standard,圣诞蜡烛,model_review_20260828,MODEL_ASSISTED,0,2026-08-28T00:00:00+08:00
product,3225473,spec_zh_standard,6只｜多种款式,model_review_20260828,MODEL_ASSISTED,0,2026-08-28T00:00:00+08:00
product,3225616,name_zh_standard,TAL Tallboy牌保温瓶,model_review_20260828,MODEL_ASSISTED,0,2026-08-28T00:00:00+08:00
product,3225616,spec_zh_standard,532毫升,model_review_20260828,MODEL_ASSISTED,0,2026-08-28T00:00:00+08:00
product,3226013,name_zh_standard,拖鞋,model_review_20260828,MODEL_ASSISTED,0,2026-08-28T00:00:00+08:00
product,3226013,spec_zh_standard,30-34码｜多种款式,model_review_20260828,MODEL_ASSISTED,0,2026-08-28T00:00:00+08:00
product,2520460,name_zh_standard,Pro-max牌延长插座线,官网标题确认：Alargador de enchufes Pro-Max；按品牌牌规则及用户指定“延长插座线”修正,https://www.action.com/es-es/p/2520460/alargador-de-enchufes-pro-max/,0,2026-08-30
product,2557112,name_zh_standard,Dumil牌可重复使用密封袋,8条拒绝复核人工裁决：保留品牌并删除臆加用途,QWEN_REJECTED_8_HUMAN_AUDIT,0,2026-09-09
product,2557112,spec_zh_standard,1升｜20件,8条拒绝复核人工裁决：单位规范,QWEN_REJECTED_8_HUMAN_AUDIT,0,2026-09-09
product,2530213,name_zh_standard,Lodik牌香茅多用途清洁剂,8条拒绝复核人工裁决：保留品牌,QWEN_REJECTED_8_HUMAN_AUDIT,0,2026-09-09
product,2530213,spec_zh_standard,1升,8条拒绝复核人工裁决：单位规范,QWEN_REJECTED_8_HUMAN_AUDIT,0,2026-09-09
product,3200589,name_zh_standard,Lab31牌防摔手机壳,8条拒绝复核人工裁决：品牌牌规则,QWEN_REJECTED_8_HUMAN_AUDIT,0,2026-09-09
product,2551264,name_zh_standard,Jack Parker牌T恤,8条拒绝复核人工裁决：品牌牌规则,QWEN_REJECTED_8_HUMAN_AUDIT,0,2026-09-09
product,2551264,spec_zh_standard,M码,8条拒绝复核人工裁决：尺码规范,QWEN_REJECTED_8_HUMAN_AUDIT,0,2026-09-09
product,2546447,name_zh_standard,三合一沐浴露,GLOBAL_DICTIONARY_TRANSLATION_RESIDUAL_REPAIR,GPT_MODEL_TRANSLATION_2026-09-15,0,2026-09-15T16:48:06+08:00
product,2568457,name_zh_standard,Kaytan牌壶铃,8条拒绝复核人工裁决：品牌牌规则,QWEN_REJECTED_8_HUMAN_AUDIT,0,2026-09-09
product,2536651,name_zh_standard,Chupa Chups牌精选棒棒糖,8条拒绝复核人工裁决：品名中文化并保留品牌,QWEN_REJECTED_8_HUMAN_AUDIT,0,2026-09-09
product,2536651,spec_zh_standard,10支｜120g,8条拒绝复核人工裁决：单位与数量规范,QWEN_REJECTED_8_HUMAN_AUDIT,0,2026-09-09
product,2542656,cat1_zh,厨房餐具,tm_v1_owner_approved:41f4ca6abe6c44e8534d63f174d6fd87a21062effe9961e2ea9307a27d4125c8,TM_V1_OWNER_APPROVED,0,2026-09-15T00:00:00+08:00
product,2542656,cat2_zh,刀叉餐具,tm_v1_owner_approved:514bcd77453e213cec6edcba2787690055e069cbed2912924acc71ec1b053cbd,TM_V1_OWNER_APPROVED,0,2026-09-15T00:00:00+08:00
product,2542656,name_zh_standard,餐叉,tm_v1_owner_approved:bfc3ca525d810e05e7427490bcb3dbaeb4cb183f222f6bb07ccc6208a2f74d9f,TM_V1_OWNER_APPROVED,0,2026-09-15T00:00:00+08:00
product,2560969,cat1_zh,厨房餐具,tm_v1_owner_rebase:41f4ca6abe6c44e8534d63f174d6fd87a21062effe9961e2ea9307a27d4125c8,TM_V1_OWNER_APPROVED,0,2026-09-15T00:00:00+08:00
product,2560969,cat2_zh,刀叉餐具,tm_v1_owner_rebase:514bcd77453e213cec6edcba2787690055e069cbed2912924acc71ec1b053cbd,TM_V1_OWNER_APPROVED,0,2026-09-15T00:00:00+08:00
product,2560969,name_zh_standard,甜点勺,tm_v1_owner_approved:82fce13ffdb8043dca842c5598992be85ce1216029d6a13f2e97badbcfbf2f2b,TM_V1_OWNER_APPROVED,0,2026-09-15T00:00:00+08:00
product,2562376,cat1_zh,个人美容,tm_v1_owner_approved:acdbf8e7956ccd5e33baeed5a4aea821ca2e1a02e59204d13add179b8dfb8ee1,TM_V1_OWNER_APPROVED,0,2026-09-15T00:00:00+08:00
product,2562376,cat2_zh,脱毛和剃须,tm_v1_owner_approved:b890b0854f05c4549967a800f9496720afffd655ad6718a41328fb0873327d0e,TM_V1_OWNER_APPROVED,0,2026-09-15T00:00:00+08:00
product,2563331,cat1_zh,服饰鞋包,tm_v1_owner_approved:67e594858dff5cd42304eff448e8f4d765882192432f94e62f1efc2e6704beea,TM_V1_OWNER_APPROVED,0,2026-09-15T00:00:00+08:00
product,2563331,cat2_zh,手表和首饰,tm_v1_owner_approved:c25a757e2afddbf2a3042522f2c54fb3d09ff732b0b8c0a8ed96c0145048a537,TM_V1_OWNER_APPROVED,0,2026-09-15T00:00:00+08:00
product,2563439,cat1_zh,服饰鞋包,tm_v1_owner_rebase:67e594858dff5cd42304eff448e8f4d765882192432f94e62f1efc2e6704beea,TM_V1_OWNER_APPROVED,0,2026-09-15T00:00:00+08:00
product,2563439,cat2_zh,手表和首饰,tm_v1_owner_rebase:c25a757e2afddbf2a3042522f2c54fb3d09ff732b0b8c0a8ed96c0145048a537,TM_V1_OWNER_APPROVED,0,2026-09-15T00:00:00+08:00
product,2564959,cat1_zh,服饰鞋包,tm_v1_owner_rebase:67e594858dff5cd42304eff448e8f4d765882192432f94e62f1efc2e6704beea,TM_V1_OWNER_APPROVED,0,2026-09-15T00:00:00+08:00
product,2564959,cat2_zh,鞋靴,tm_v1_owner_approved:50b22168c0c537e174015f716eda6fd31a0235478460c51286b8a97f20b3468f,TM_V1_OWNER_APPROVED,0,2026-09-15T00:00:00+08:00
product,2565293,cat1_zh,家居布置,tm_v1_owner_approved:ab4aedfe7cb52b96fb49cd3980fd02673796cd6ddecdf3593087c6cc46d1d878,TM_V1_OWNER_APPROVED,0,2026-09-15T00:00:00+08:00
product,2565293,cat2_zh,家居装饰,tm_v1_owner_approved:751e37d33da8c596da95b792755176e406bba337d61c2d4e274094e065fd30d8,TM_V1_OWNER_APPROVED,0,2026-09-15T00:00:00+08:00
product,2565293,spec_zh_standard,78cm｜多种颜色,tm_v1_owner_approved:867ef7691895be7ea3d123da7a47f0e7effdad8fdbd7dacb48b5e42840d912d8,TM_V1_OWNER_APPROVED,0,2026-09-15T00:00:00+08:00
product,2566798,cat1_zh,服饰鞋包,tm_v1_owner_rebase:67e594858dff5cd42304eff448e8f4d765882192432f94e62f1efc2e6704beea,TM_V1_OWNER_APPROVED,0,2026-09-15T00:00:00+08:00
product,2566798,cat2_zh,鞋靴,tm_v1_owner_rebase:50b22168c0c537e174015f716eda6fd31a0235478460c51286b8a97f20b3468f,TM_V1_OWNER_APPROVED,0,2026-09-15T00:00:00+08:00
product,2566914,cat1_zh,家居布置,tm_v1_owner_rebase:ab4aedfe7cb52b96fb49cd3980fd02673796cd6ddecdf3593087c6cc46d1d878,TM_V1_OWNER_APPROVED,0,2026-09-15T00:00:00+08:00
product,2566914,cat2_zh,家居装饰,tm_v1_owner_rebase:751e37d33da8c596da95b792755176e406bba337d61c2d4e274094e065fd30d8,TM_V1_OWNER_APPROVED,0,2026-09-15T00:00:00+08:00
product,2566914,spec_zh_standard,120-210cm｜多款可选,tm_v1_owner_approved:257cf845585fbcfc2cfd038b116cbf7c177dc342aa419964a15d9ea27dd6e265,TM_V1_OWNER_APPROVED,0,2026-09-15T00:00:00+08:00
product,2567355,cat1_zh,服饰鞋包,tm_v1_owner_rebase:67e594858dff5cd42304eff448e8f4d765882192432f94e62f1efc2e6704beea,TM_V1_OWNER_APPROVED,0,2026-09-15T00:00:00+08:00
product,2567355,cat2_zh,配饰,tm_v1_owner_approved:d065d0b3e750ea8772e23f7dcb50fe8da670c688237fdfdbe322c198d3f895fb,TM_V1_OWNER_APPROVED,0,2026-09-15T00:00:00+08:00
product,2567355,name_zh_standard,腰带,tm_v1_owner_approved:c3edea5049cbc69030efee40ac33927071eb88ea07c3ad37af4a2277034e621b,TM_V1_OWNER_APPROVED,0,2026-09-15T00:00:00+08:00
product,2567355,spec_zh_standard,尺码 95-115｜多款可选,tm_v1_owner_approved:474932584d9f3ad2eb6fece9ac4d9123240a3656cfe79134db4daa80c2fb79a4,TM_V1_OWNER_APPROVED,0,2026-09-15T00:00:00+08:00
product,2567401,cat1_zh,服饰鞋包,tm_v1_owner_rebase:67e594858dff5cd42304eff448e8f4d765882192432f94e62f1efc2e6704beea,TM_V1_OWNER_APPROVED,0,2026-09-15T00:00:00+08:00
product,2567401,cat2_zh,配饰,tm_v1_owner_rebase:d065d0b3e750ea8772e23f7dcb50fe8da670c688237fdfdbe322c198d3f895fb,TM_V1_OWNER_APPROVED,0,2026-09-15T00:00:00+08:00
product,2567401,name_zh_standard,斜挎包/腰包,tm_v1_owner_approved:314ed924cd29b3ed6648565bf53acfcc304f2912c1f16689e1c249d9858f74eb,TM_V1_OWNER_APPROVED,0,2026-09-15T00:00:00+08:00
product,2567890,cat1_zh,服饰鞋包,tm_v1_owner_rebase:67e594858dff5cd42304eff448e8f4d765882192432f94e62f1efc2e6704beea,TM_V1_OWNER_APPROVED,0,2026-09-15T00:00:00+08:00
product,2567890,cat2_zh,发饰,tm_v1_owner_approved:9bc409cb0ec05e3380c64662f14d700fb2e2fb44015a93c5fbfa26cae9779a59,TM_V1_OWNER_APPROVED,0,2026-09-15T00:00:00+08:00
product,2567890,name_zh_standard,发夹,tm_v1_owner_approved:0b47e6a9c7da9131ad77964b1aedf772dbdfac8a07c7c5be01095ff56bffac33,TM_V1_OWNER_APPROVED,0,2026-09-15T00:00:00+08:00
product,2568145,cat2_zh,洗涤剂和洗碗用品,tm_v1_owner_approved:e7f30ebd05fcbe0f66607d2e4028e46a35d707ab6d54c0c2595f6e3b846ace72,TM_V1_OWNER_APPROVED,0,2026-09-15T00:00:00+08:00
product,2568145,spec_zh_standard,750ml,tm_v1_owner_approved:da6ddd4e0cdd1e5d3cd6603a29ad12ca98ce1914899b283b1a2b9ce472d805f8,TM_V1_OWNER_APPROVED,0,2026-09-15T00:00:00+08:00
product,2569123,cat2_zh,洗涤剂和洗碗用品,tm_v1_owner_rebase:e7f30ebd05fcbe0f66607d2e4028e46a35d707ab6d54c0c2595f6e3b846ace72,TM_V1_OWNER_APPROVED,0,2026-09-15T00:00:00+08:00
product,2569123,spec_zh_standard,26次,tm_v1_owner_approved:fef386c873223c9c41ef04bcdbb102ffd30cbc500689040db3c60b25240a2a50,TM_V1_OWNER_APPROVED,0,2026-09-15T00:00:00+08:00
product,2570244,cat1_zh,家居布置,tm_v1_owner_rebase:ab4aedfe7cb52b96fb49cd3980fd02673796cd6ddecdf3593087c6cc46d1d878,TM_V1_OWNER_APPROVED,0,2026-09-15T00:00:00+08:00
product,2570244,cat2_zh,家居装饰,tm_v1_owner_rebase:751e37d33da8c596da95b792755176e406bba337d61c2d4e274094e065fd30d8,TM_V1_OWNER_APPROVED,0,2026-09-15T00:00:00+08:00
product,2570244,name_zh_standard,秋叶枝条,tm_v1_owner_approved:0781e229aa02fd63a08dee783fad29b15cee6452dcfa1ad0faca787a9da4a464,TM_V1_OWNER_APPROVED,0,2026-09-15T00:00:00+08:00
product,2570244,spec_zh_standard,90cm｜多款可选,tm_v1_owner_approved:7f31bf8357e2ec80ee9989d8c341110236cfccebbdad1fd673b7afe4b4753235,TM_V1_OWNER_APPROVED,0,2026-09-15T00:00:00+08:00
product,2570267,cat1_zh,服饰鞋包,tm_v1_owner_rebase:67e594858dff5cd42304eff448e8f4d765882192432f94e62f1efc2e6704beea,TM_V1_OWNER_APPROVED,0,2026-09-15T00:00:00+08:00
product,2570267,cat2_zh,发饰,tm_v1_owner_rebase:9bc409cb0ec05e3380c64662f14d700fb2e2fb44015a93c5fbfa26cae9779a59,TM_V1_OWNER_APPROVED,0,2026-09-15T00:00:00+08:00
product,2570267,name_zh_standard,发圈,tm_v1_owner_approved:3ef4e02cb2b3ccfecb8cb267436af228a15e8aae84cc72264623d7c4824259bf,TM_V1_OWNER_APPROVED,0,2026-09-15T00:00:00+08:00
product,2570904,cat1_zh,家居布置,tm_v1_owner_rebase:ab4aedfe7cb52b96fb49cd3980fd02673796cd6ddecdf3593087c6cc46d1d878,TM_V1_OWNER_APPROVED,0,2026-09-15T00:00:00+08:00
product,2570904,cat2_zh,家居装饰,tm_v1_owner_rebase:751e37d33da8c596da95b792755176e406bba337d61c2d4e274094e065fd30d8,TM_V1_OWNER_APPROVED,0,2026-09-15T00:00:00+08:00
product,2570904,spec_zh_standard,10×15cm｜多款可选,tm_v1_owner_approved:c784181516d879006c4287f613a601df4a2ef4e9a4eaa5d086316ca8b728fef1,TM_V1_OWNER_APPROVED,0,2026-09-15T00:00:00+08:00
product,2570905,cat1_zh,家居布置,tm_v1_owner_rebase:ab4aedfe7cb52b96fb49cd3980fd02673796cd6ddecdf3593087c6cc46d1d878,TM_V1_OWNER_APPROVED,0,2026-09-15T00:00:00+08:00
product,2570905,cat2_zh,家居装饰,tm_v1_owner_rebase:751e37d33da8c596da95b792755176e406bba337d61c2d4e274094e065fd30d8,TM_V1_OWNER_APPROVED,0,2026-09-15T00:00:00+08:00
product,2570905,spec_zh_standard,13×18cm｜多款可选,tm_v1_owner_approved:fd4db93407f77bd351c69571185489d4b5755880fe70456076576786a0732986,TM_V1_OWNER_APPROVED,0,2026-09-15T00:00:00+08:00
product,2571008,cat1_zh,个人美容,tm_v1_owner_rebase:acdbf8e7956ccd5e33baeed5a4aea821ca2e1a02e59204d13add179b8dfb8ee1,TM_V1_OWNER_APPROVED,0,2026-09-15T00:00:00+08:00
product,2571008,cat2_zh,彩妆,tm_v1_owner_approved:c419656c22aef4892695ee30f685adec5c172944e897152e0a1d563a6f34228f,TM_V1_OWNER_APPROVED,0,2026-09-15T00:00:00+08:00
product,2571008,spec_zh_standard,含晕染刷和削笔刀,tm_v1_owner_approved:7347b793779e36b91a2baa686c2449dd72be355d03e6f3f9596eb97f4f07be68,TM_V1_OWNER_APPROVED,0,2026-09-15T00:00:00+08:00
product,2571313,cat1_zh,DIY五金,tm_v1_owner_approved:9b5b7640a1fb4c473c0ca70dfebed09ac793e0a031da139380c04d6fcf6219a9,TM_V1_OWNER_APPROVED,0,2026-09-15T00:00:00+08:00
product,2571313,cat2_zh,工具,tm_v1_owner_approved:707de0de8270148c03bcb87688ac576c9c6ebe52dbe6c87df7b0a49166d2c8a0,TM_V1_OWNER_APPROVED,0,2026-09-15T00:00:00+08:00
product,2571536,cat1_zh,家居布置,tm_v1_owner_rebase:ab4aedfe7cb52b96fb49cd3980fd02673796cd6ddecdf3593087c6cc46d1d878,TM_V1_OWNER_APPROVED,0,2026-09-15T00:00:00+08:00
product,2571536,cat2_zh,家居装饰,tm_v1_owner_rebase:751e37d33da8c596da95b792755176e406bba337d61c2d4e274094e065fd30d8,TM_V1_OWNER_APPROVED,0,2026-09-15T00:00:00+08:00
product,2571536,name_zh_standard,小号蜡烛,tm_v1_owner_approved:86d313f310726ffd94813c9dc2b06eb8790c7b117d35592dbb53054a2f1fb336,TM_V1_OWNER_APPROVED,0,2026-09-15T00:00:00+08:00
product,2571658,cat1_zh,家居布置,tm_v1_owner_rebase:ab4aedfe7cb52b96fb49cd3980fd02673796cd6ddecdf3593087c6cc46d1d878,TM_V1_OWNER_APPROVED,0,2026-09-15T00:00:00+08:00
product,2571658,cat2_zh,浴室纺织,tm_v1_owner_approved:5eba69ef3650490fd5876efdd62e37ee2e05513604921e47c74a6cab482b57ed,TM_V1_OWNER_APPROVED,0,2026-09-15T00:00:00+08:00
product,2571658,spec_zh_standard,70×140cm,tm_v1_owner_approved:2f215cd8a3547b3f104f324c9cdafeaf3dec5675ed47a40cdf483c0c7b179b2c,TM_V1_OWNER_APPROVED,0,2026-09-15T00:00:00+08:00
product,2571729,cat1_zh,服饰鞋包,tm_v1_owner_rebase:67e594858dff5cd42304eff448e8f4d765882192432f94e62f1efc2e6704beea,TM_V1_OWNER_APPROVED,0,2026-09-15T00:00:00+08:00
product,2571729,cat2_zh,发饰,tm_v1_owner_rebase:9bc409cb0ec05e3380c64662f14d700fb2e2fb44015a93c5fbfa26cae9779a59,TM_V1_OWNER_APPROVED,0,2026-09-15T00:00:00+08:00
product,2571729,name_zh_standard,发夹,tm_v1_owner_approved:b16c12bf15cb9a66238466b0e777ba623fc718e9adf71c9f7ec99321e5be3f1c,TM_V1_OWNER_APPROVED,0,2026-09-15T00:00:00+08:00
product,2572352,cat1_zh,食品饮料,tm_v1_owner_approved:fa4e3c34644e93ae73fc9c0ea0abce52dc5fd5ddd17f8258704b079492361fb9,TM_V1_OWNER_APPROVED,0,2026-09-15T00:00:00+08:00
product,2572352,cat2_zh,坚果和零食,tm_v1_owner_approved:2ac3df608ab28ca59b51e2ac86557858ce2457655354fe6cb55b986a380508aa,TM_V1_OWNER_APPROVED,0,2026-09-15T00:00:00+08:00
product,2572352,spec_zh_standard,100g,tm_v1_owner_approved:eaa3e327351071865ca93ef5b67c87ec7ff4cd7bd5dd8bc353217ff78356026b,TM_V1_OWNER_APPROVED,0,2026-09-15T00:00:00+08:00
product,2572669,cat2_zh,卫生纸和厨房纸,tm_v1_owner_approved:3ecf75e83dc925a76f3b1868969ad8c26eb55d289941c1113fd1860561571989,TM_V1_OWNER_APPROVED,0,2026-09-15T00:00:00+08:00
product,2572669,spec_zh_standard,24卷｜180张｜2层,tm_v1_owner_approved:34755c9d0f90209b861550b6fbf0eed7c2b183fbd5f7805f8b74ac386b46c010,TM_V1_OWNER_APPROVED,0,2026-09-15T00:00:00+08:00
product,2572870,cat1_zh,服饰鞋包,tm_v1_owner_rebase:67e594858dff5cd42304eff448e8f4d765882192432f94e62f1efc2e6704beea,TM_V1_OWNER_APPROVED,0,2026-09-15T00:00:00+08:00
product,2572870,cat2_zh,发饰,tm_v1_owner_rebase:9bc409cb0ec05e3380c64662f14d700fb2e2fb44015a93c5fbfa26cae9779a59,TM_V1_OWNER_APPROVED,0,2026-09-15T00:00:00+08:00
product,2572870,name_zh_standard,发夹,tm_v1_owner_approved:3be8d3b3ef93db6e9d683d256175bd837b3913da55966855f4b8462748d4c81e,TM_V1_OWNER_APPROVED,0,2026-09-15T00:00:00+08:00
product,2573052,cat1_zh,家居布置,tm_v1_owner_rebase:ab4aedfe7cb52b96fb49cd3980fd02673796cd6ddecdf3593087c6cc46d1d878,TM_V1_OWNER_APPROVED,0,2026-09-15T00:00:00+08:00
product,2573052,cat2_zh,家居装饰,tm_v1_owner_rebase:751e37d33da8c596da95b792755176e406bba337d61c2d4e274094e065fd30d8,TM_V1_OWNER_APPROVED,0,2026-09-15T00:00:00+08:00
product,2573121,cat1_zh,个人美容,tm_v1_owner_rebase:acdbf8e7956ccd5e33baeed5a4aea821ca2e1a02e59204d13add179b8dfb8ee1,TM_V1_OWNER_APPROVED,0,2026-09-15T00:00:00+08:00
product,2573121,cat2_zh,身体护理,tm_v1_owner_approved:10fc82b449e6eab9b720b3b70df01036f3e06ace940e28493319bdb28f082fb8,TM_V1_OWNER_APPROVED,0,2026-09-15T00:00:00+08:00
product,2573121,spec_zh_standard,100ml,tm_v1_owner_approved:be446c8ac9bac2a5791cbb9b5c400b672d37847aef4ea72c95240711d46ba7e2,TM_V1_OWNER_APPROVED,0,2026-09-15T00:00:00+08:00
product,2573215,cat1_zh,服饰鞋包,tm_v1_owner_rebase:67e594858dff5cd42304eff448e8f4d765882192432f94e62f1efc2e6704beea,TM_V1_OWNER_APPROVED,0,2026-09-15T00:00:00+08:00
product,2573215,cat2_zh,发饰,tm_v1_owner_rebase:9bc409cb0ec05e3380c64662f14d700fb2e2fb44015a93c5fbfa26cae9779a59,TM_V1_OWNER_APPROVED,0,2026-09-15T00:00:00+08:00
product,2573215,name_zh_standard,发圈,tm_v1_owner_approved:3a095dec8905283df7a7a30fa66c94193faaa39f00493c232108b1e43cc249d4,TM_V1_OWNER_APPROVED,0,2026-09-15T00:00:00+08:00
product,2573456,cat1_zh,服饰鞋包,tm_v1_owner_rebase:67e594858dff5cd42304eff448e8f4d765882192432f94e62f1efc2e6704beea,TM_V1_OWNER_APPROVED,0,2026-09-15T00:00:00+08:00
product,2573456,cat2_zh,配饰,tm_v1_owner_rebase:d065d0b3e750ea8772e23f7dcb50fe8da670c688237fdfdbe322c198d3f895fb,TM_V1_OWNER_APPROVED,0,2026-09-15T00:00:00+08:00
product,2573456,name_zh_standard,编织腰带,tm_v1_owner_approved:4ddcf3d21de214173bd7bf651be9ac735d22856c6c583c6da104b6642c4ded5d,TM_V1_OWNER_APPROVED,0,2026-09-15T00:00:00+08:00
product,2573456,spec_zh_standard,尺码100-110｜多种颜色,tm_v1_owner_approved:41962c1e1632a9a107a308ba38c3e09d1f1657ab5a29c71376d00293dcebca1e,TM_V1_OWNER_APPROVED,0,2026-09-15T00:00:00+08:00
product,2573496,cat1_zh,食品饮料,tm_v1_owner_rebase:fa4e3c34644e93ae73fc9c0ea0abce52dc5fd5ddd17f8258704b079492361fb9,TM_V1_OWNER_APPROVED,0,2026-09-15T00:00:00+08:00
product,2573496,cat2_zh,饼干,tm_v1_owner_approved:424f01c9ba68ac95399e9000b663fb4f7d8d602c804961d8dcf32e29ceea981a,TM_V1_OWNER_APPROVED,0,2026-09-15T00:00:00+08:00
product,2573496,name_zh_standard,巧克力蛋糕,tm_v1_owner_approved:4faf4b4d9333a213cca283ae179c41c11dd20fd1c2d8896abaa02925bd2beef5,TM_V1_OWNER_APPROVED,0,2026-09-15T00:00:00+08:00
product,2573496,spec_zh_standard,10×28g,tm_v1_owner_approved:538aa89d31f5cfff88efdbf1a072e2ffc172c81f9578e37fdac091055d18dea3,TM_V1_OWNER_APPROVED,0,2026-09-15T00:00:00+08:00
product,2574018,cat1_zh,服饰鞋包,tm_v1_owner_rebase:67e594858dff5cd42304eff448e8f4d765882192432f94e62f1efc2e6704beea,TM_V1_OWNER_APPROVED,0,2026-09-15T00:00:00+08:00
product,2574018,cat2_zh,配饰,tm_v1_owner_rebase:d065d0b3e750ea8772e23f7dcb50fe8da670c688237fdfdbe322c198d3f895fb,TM_V1_OWNER_APPROVED,0,2026-09-15T00:00:00+08:00
product,2574018,name_zh_standard,智能卡包,tm_v1_owner_approved:ffcc046de55add2b192dabacfb3ffa703a04362b4fbf049b8e4ec548ee9bab81,TM_V1_OWNER_APPROVED,0,2026-09-15T00:00:00+08:00
product,2574018,spec_zh_standard,多种颜色,tm_v1_owner_approved:4fbb8dc2f949dab6254ea84c0ff401337940ef8a8a26538cf7f94ac5d6f5f3b8,TM_V1_OWNER_APPROVED,0,2026-09-15T00:00:00+08:00
product,2574127,cat1_zh,服饰鞋包,tm_v1_owner_rebase:67e594858dff5cd42304eff448e8f4d765882192432f94e62f1efc2e6704beea,TM_V1_OWNER_APPROVED,0,2026-09-15T00:00:00+08:00
product,2574127,cat2_zh,鞋靴,tm_v1_owner_rebase:50b22168c0c537e174015f716eda6fd31a0235478460c51286b8a97f20b3468f,TM_V1_OWNER_APPROVED,0,2026-09-15T00:00:00+08:00
product,2574589,cat1_zh,家居布置,tm_v1_owner_rebase:ab4aedfe7cb52b96fb49cd3980fd02673796cd6ddecdf3593087c6cc46d1d878,TM_V1_OWNER_APPROVED,0,2026-09-15T00:00:00+08:00
product,2574589,cat2_zh,家居装饰,tm_v1_owner_rebase:751e37d33da8c596da95b792755176e406bba337d61c2d4e274094e065fd30d8,TM_V1_OWNER_APPROVED,0,2026-09-15T00:00:00+08:00
product,2574589,name_zh_standard,窗户隐私膜,tm_v1_owner_approved:f0d3dffb9bc5f729d8073962be7cb4d8f12d0e3a8634d75ff50f1cdafa8153ed,TM_V1_OWNER_APPROVED,0,2026-09-15T00:00:00+08:00
product,2574589,spec_zh_standard,200×58cm,tm_v1_owner_approved:a56344f96bbe38ce765cb9f8e9c63061ef50cb65f07e77aeb430def1ae7cc706,TM_V1_OWNER_APPROVED,0,2026-09-15T00:00:00+08:00
product,2574845,cat1_zh,DIY五金,tm_v1_owner_rebase:9b5b7640a1fb4c473c0ca70dfebed09ac793e0a031da139380c04d6fcf6219a9,TM_V1_OWNER_APPROVED,0,2026-09-15T00:00:00+08:00
product,2574894,cat1_zh,DIY五金,tm_v1_owner_rebase:9b5b7640a1fb4c473c0ca70dfebed09ac793e0a031da139380c04d6fcf6219a9,TM_V1_OWNER_APPROVED,0,2026-09-15T00:00:00+08:00
product,2574894,cat2_zh,工具,tm_v1_owner_rebase:707de0de8270148c03bcb87688ac576c9c6ebe52dbe6c87df7b0a49166d2c8a0,TM_V1_OWNER_APPROVED,0,2026-09-15T00:00:00+08:00
product,2574894,name_zh_standard,氦气罐,tm_v1_owner_approved:7dcf15ba52bfc2e07213efe34c1a547b02e8c4a1a69fc30a89f24930dde62988,TM_V1_OWNER_APPROVED,0,2026-09-15T00:00:00+08:00
product,2574894,spec_zh_standard,可充30个气球,tm_v1_owner_approved:8b02b0a72d16e90dbc5aad36fd4f5ed8c151da99906801361e8b1e68ec73fd29,TM_V1_OWNER_APPROVED,0,2026-09-15T00:00:00+08:00
product,2574980,cat1_zh,DIY五金,tm_v1_owner_rebase:9b5b7640a1fb4c473c0ca70dfebed09ac793e0a031da139380c04d6fcf6219a9,TM_V1_OWNER_APPROVED,0,2026-09-15T00:00:00+08:00
product,2574980,cat2_zh,涂料配件,tm_v1_owner_approved:b9d86781a90ee7640b4ac6fc999327b4f25a0157b3e82cd754ae9ea179ecb2c0,TM_V1_OWNER_APPROVED,0,2026-09-15T00:00:00+08:00
product,2575249,cat2_zh,收纳存储,tm_v1_owner_approved:2b7d9f0d01efe8342a6348678b14851bea8c1ab9b9e7520c8725d1e2e4b7f131,TM_V1_OWNER_APPROVED,0,2026-09-15T00:00:00+08:00
product,2575249,name_zh_standard,收纳箱,tm_v1_owner_approved:d8b2efac06dd0497bc9616236842450eb47c4dedf8fa5997c4b7243d8236a1fc,TM_V1_OWNER_APPROVED,0,2026-09-15T00:00:00+08:00
product,2575249,spec_zh_standard,19L｜39×29×26cm,tm_v1_owner_approved:79d89c890dc7a4d9c0a1c88192e2c7b34e29291e23c20050dd4cf1cee25b8afd,TM_V1_OWNER_APPROVED,0,2026-09-15T00:00:00+08:00
product,2575284,cat1_zh,服饰鞋包,tm_v1_owner_rebase:67e594858dff5cd42304eff448e8f4d765882192432f94e62f1efc2e6704beea,TM_V1_OWNER_APPROVED,0,2026-09-15T00:00:00+08:00
product,2575284,cat2_zh,配饰,tm_v1_owner_rebase:d065d0b3e750ea8772e23f7dcb50fe8da670c688237fdfdbe322c198d3f895fb,TM_V1_OWNER_APPROVED,0,2026-09-15T00:00:00+08:00
product,2575284,name_zh_standard,零钱包,tm_v1_owner_approved:c32bbef6a484d77def5076bbee1f08e02c01349bffc96a76088b720b43baca9a,TM_V1_OWNER_APPROVED,0,2026-09-15T00:00:00+08:00
product,2575329,cat1_zh,家居布置,tm_v1_owner_rebase:ab4aedfe7cb52b96fb49cd3980fd02673796cd6ddecdf3593087c6cc46d1d878,TM_V1_OWNER_APPROVED,0,2026-09-15T00:00:00+08:00
product,2575329,cat2_zh,床上用品,tm_v1_owner_approved:c4506a9ac4cc4edb14b4fe204ba449f1f4305af4d69a88feac6a0f102be09262,TM_V1_OWNER_APPROVED,0,2026-09-15T00:00:00+08:00
product,2575329,spec_zh_standard,220×240cm｜多款可选,tm_v1_owner_approved:a91eb5c5030cc888714637b435c0b7666e1cbca01427a18c503f274377499a14,TM_V1_OWNER_APPROVED,0,2026-09-15T00:00:00+08:00
product,2575572,cat1_zh,数码影音,tm_v1_owner_approved:2577be03c43a66852ab79453a08095aa1368c258ba98c87a82573051c6078de8,TM_V1_OWNER_APPROVED,0,2026-09-15T00:00:00+08:00
product,2575572,cat2_zh,多媒体配件,tm_v1_owner_approved:91ec9ea3a0e480c51393514af8824d6a44e626a89620bb6a29247952a8abc139,TM_V1_OWNER_APPROVED,0,2026-09-15T00:00:00+08:00
product,2575572,spec_zh_standard,400ml,tm_v1_owner_approved:64fb35ee29745f0db466ae62353f8a76c1243e4695b909ef2671efd0389b40df,TM_V1_OWNER_APPROVED,0,2026-09-15T00:00:00+08:00
product,2575965,cat1_zh,DIY五金,tm_v1_owner_rebase:9b5b7640a1fb4c473c0ca70dfebed09ac793e0a031da139380c04d6fcf6219a9,TM_V1_OWNER_APPROVED,0,2026-09-15T00:00:00+08:00
product,2575965,cat2_zh,工具,tm_v1_owner_rebase:707de0de8270148c03bcb87688ac576c9c6ebe52dbe6c87df7b0a49166d2c8a0,TM_V1_OWNER_APPROVED,0,2026-09-15T00:00:00+08:00
product,2575965,spec_zh_standard,9片刀片,tm_v1_owner_approved:d9e34712e0021686fc6c4e7b734c0ac889f771001b277dad62b5b98224f9865c,TM_V1_OWNER_APPROVED,0,2026-09-15T00:00:00+08:00
product,2576502,cat1_zh,食品饮料,tm_v1_owner_rebase:fa4e3c34644e93ae73fc9c0ea0abce52dc5fd5ddd17f8258704b079492361fb9,TM_V1_OWNER_APPROVED,0,2026-09-15T00:00:00+08:00
product,2576502,cat2_zh,坚果和零食,tm_v1_owner_rebase:2ac3df608ab28ca59b51e2ac86557858ce2457655354fe6cb55b986a380508aa,TM_V1_OWNER_APPROVED,0,2026-09-15T00:00:00+08:00
product,2576502,spec_zh_standard,100g,tm_v1_owner_rebase:eaa3e327351071865ca93ef5b67c87ec7ff4cd7bd5dd8bc353217ff78356026b,TM_V1_OWNER_APPROVED,0,2026-09-15T00:00:00+08:00
product,2576925,cat1_zh,DIY五金,tm_v1_owner_rebase:9b5b7640a1fb4c473c0ca70dfebed09ac793e0a031da139380c04d6fcf6219a9,TM_V1_OWNER_APPROVED,0,2026-09-15T00:00:00+08:00
product,2576925,cat2_zh,工具,tm_v1_owner_rebase:707de0de8270148c03bcb87688ac576c9c6ebe52dbe6c87df7b0a49166d2c8a0,TM_V1_OWNER_APPROVED,0,2026-09-15T00:00:00+08:00
product,2576933,cat1_zh,家居布置,tm_v1_owner_rebase:ab4aedfe7cb52b96fb49cd3980fd02673796cd6ddecdf3593087c6cc46d1d878,TM_V1_OWNER_APPROVED,0,2026-09-15T00:00:00+08:00
product,2576933,cat2_zh,灯具,tm_v1_owner_approved:55cbd4c0fad1bf9154a2da343550efc1c226f38dc339dffb74be648d9c6f3b34,TM_V1_OWNER_APPROVED,0,2026-09-15T00:00:00+08:00
product,2576933,name_zh_standard,LED黄麻绳灯,tm_v1_owner_approved:fc0862607e7dee7e70ab3402cd95a50fd87ec45ebda785ded8d67347585f9e08,TM_V1_OWNER_APPROVED,0,2026-09-15T00:00:00+08:00
product,2576933,spec_zh_standard,2m｜小号,tm_v1_owner_approved:71768628ba0933be06d673547cb3342bd6f99810209d0b7d3546f30881a58c6b,TM_V1_OWNER_APPROVED,0,2026-09-15T00:00:00+08:00
product,2577097,cat2_zh,饼干,tm_v1_owner_rebase:424f01c9ba68ac95399e9000b663fb4f7d8d602c804961d8dcf32e29ceea981a,TM_V1_OWNER_APPROVED,0,2026-09-15T00:00:00+08:00
product,2577097,spec_zh_standard,3×30g｜多种款式,tm_v1_owner_approved:79d2cb872193964f2e425547f38439647b1ed6466eecfe1b6cd83538c9576edf,TM_V1_OWNER_APPROVED,0,2026-09-15T00:00:00+08:00
product,2577189,cat2_zh,洗涤剂和洗碗用品,tm_v1_owner_rebase:e7f30ebd05fcbe0f66607d2e4028e46a35d707ab6d54c0c2595f6e3b846ace72,TM_V1_OWNER_APPROVED,0,2026-09-15T00:00:00+08:00
product,2577249,cat1_zh,服饰鞋包,tm_v1_owner_rebase:67e594858dff5cd42304eff448e8f4d765882192432f94e62f1efc2e6704beea,TM_V1_OWNER_APPROVED,0,2026-09-15T00:00:00+08:00
product,2577249,cat2_zh,内衣,tm_v1_owner_rebase:2bb003304fc3a73e20608404362e9f8e1527cd40d6cb308927df33d01316b793,TM_V1_OWNER_APPROVED,0,2026-09-15T00:00:00+08:00
product,2577249,name_zh_standard,柔软文胸,tm_v1_owner_approved:8aa89fd4ddd2961639dbebb78470dca1f49a4f9379ac53393b0fc1430d704306,TM_V1_OWNER_APPROVED,0,2026-09-15T00:00:00+08:00
product,2577249,spec_zh_standard,尺码 S-XL｜多种颜色,tm_v1_owner_approved:0a17b56b7fb7e1b68e483a4d3a123d8bcd1d2095d3da65730077e7f0406524d6,TM_V1_OWNER_APPROVED,0,2026-09-15T00:00:00+08:00
product,2577322,cat1_zh,家居布置,tm_v1_owner_rebase:ab4aedfe7cb52b96fb49cd3980fd02673796cd6ddecdf3593087c6cc46d1d878,TM_V1_OWNER_APPROVED,0,2026-09-15T00:00:00+08:00
product,2577322,cat2_zh,浴室配件,tm_v1_owner_approved:96459847a96bb12f97ff00080ab46ce48d5786eb04b8b4a78471250125c15552,TM_V1_OWNER_APPROVED,0,2026-09-15T00:00:00+08:00
product,2577322,name_zh_standard,卫生纸架,tm_v1_owner_approved:96b3b91bd3afc3e511dbc049a2ccd69d6f5bf2dfcc1a2609fdc0c24d79d9b16c,TM_V1_OWNER_APPROVED,0,2026-09-15T00:00:00+08:00
product,2577322,spec_zh_standard,18×13.5cm,tm_v1_owner_approved:390bf3fc161d66340a07695ccb2fee1f6476c52a9d05d343eaea77d804e7f80b,TM_V1_OWNER_APPROVED,0,2026-09-15T00:00:00+08:00
product,2577347,cat1_zh,食品饮料,tm_v1_owner_rebase:fa4e3c34644e93ae73fc9c0ea0abce52dc5fd5ddd17f8258704b079492361fb9,TM_V1_OWNER_APPROVED,0,2026-09-15T00:00:00+08:00
product,2577347,cat2_zh,坚果和零食,tm_v1_owner_rebase:2ac3df608ab28ca59b51e2ac86557858ce2457655354fe6cb55b986a380508aa,TM_V1_OWNER_APPROVED,0,2026-09-15T00:00:00+08:00
product,2577347,spec_zh_standard,150g,tm_v1_owner_approved:93ddb73063896389b4f4cce7874eb22401729531d9b395c0db223fc671fb80cb,TM_V1_OWNER_APPROVED,0,2026-09-15T00:00:00+08:00
product,2577462,cat1_zh,个人美容,tm_v1_owner_rebase:acdbf8e7956ccd5e33baeed5a4aea821ca2e1a02e59204d13add179b8dfb8ee1,TM_V1_OWNER_APPROVED,0,2026-09-15T00:00:00+08:00
product,2577462,cat2_zh,婴儿护理,tm_v1_owner_approved:548cbc7503e1497e7d766d314a89b7c3f6b4fb1a6b00631a8cf7b225e8594f8f,TM_V1_OWNER_APPROVED,0,2026-09-15T00:00:00+08:00
product,2577462,spec_zh_standard,6-18个月｜2件,tm_v1_owner_approved:dfc9b8ff97bd2297a7b0e4526513a7286e40f31c9183c5c5965e75aed2788818,TM_V1_OWNER_APPROVED,0,2026-09-15T00:00:00+08:00
product,2577884,cat2_zh,洗涤剂和洗碗用品,tm_v1_owner_rebase:e7f30ebd05fcbe0f66607d2e4028e46a35d707ab6d54c0c2595f6e3b846ace72,TM_V1_OWNER_APPROVED,0,2026-09-15T00:00:00+08:00
product,2577925,cat1_zh,兴趣手作,tm_v1_owner_rebase:bf2a0cc3caf9e1db6adbfbf7aa09f3e52e83fd7718a1a9232da9d41d67c07007,TM_V1_OWNER_APPROVED,0,2026-09-15T00:00:00+08:00
product,2577925,cat2_zh,派对用品,tm_v1_owner_rebase:7a7c7e8f65e49e5ee7e541921d23ccd7f1ed1a539309b6aa3b4ed9a4b40abd06,TM_V1_OWNER_APPROVED,0,2026-09-15T00:00:00+08:00
product,2577925,spec_zh_standard,90×450厘米｜多款可选,tm_v1_owner_approved:ca67bd9a676886a410fcec1ecc382083ae445e8b1a1d0a7babd0fd4c99fa1b45,TM_V1_OWNER_APPROVED,0,2026-09-15T00:00:00+08:00
product,2577971,cat1_zh,玩具,tm_v1_owner_approved:92e56981d0c1fdbc89a645ca2cc213b448d08521439ea0bce2bd04c19c49db77,TM_V1_OWNER_APPROVED,0,2026-09-15T00:00:00+08:00
product,2577971,cat2_zh,户外玩具,tm_v1_owner_approved:de593fcdabe052a40f772d0141c72919960a06373ad9206d928049d3f379293b,TM_V1_OWNER_APPROVED,0,2026-09-15T00:00:00+08:00
product,2577979,cat1_zh,家居布置,tm_v1_owner_rebase:ab4aedfe7cb52b96fb49cd3980fd02673796cd6ddecdf3593087c6cc46d1d878,TM_V1_OWNER_APPROVED,0,2026-09-15T00:00:00+08:00
product,2577979,cat2_zh,家居装饰,tm_v1_owner_rebase:751e37d33da8c596da95b792755176e406bba337d61c2d4e274094e065fd30d8,TM_V1_OWNER_APPROVED,0,2026-09-15T00:00:00+08:00
product,2577979,name_zh_standard,相框,tm_v1_owner_approved:8b7da73582b1f9dbce2a77b9799992e84d449957b80adee3ce7f2e526a7a7188,TM_V1_OWNER_APPROVED,0,2026-09-15T00:00:00+08:00
product,2577979,spec_zh_standard,13×18cm｜多款可选,tm_v1_owner_rebase:fd4db93407f77bd351c69571185489d4b5755880fe70456076576786a0732986,TM_V1_OWNER_APPROVED,0,2026-09-15T00:00:00+08:00
product,2578341,cat1_zh,家居布置,tm_v1_owner_rebase:ab4aedfe7cb52b96fb49cd3980fd02673796cd6ddecdf3593087c6cc46d1d878,TM_V1_OWNER_APPROVED,0,2026-09-15T00:00:00+08:00
product,2578341,cat2_zh,家居装饰,tm_v1_owner_rebase:751e37d33da8c596da95b792755176e406bba337d61c2d4e274094e065fd30d8,TM_V1_OWNER_APPROVED,0,2026-09-15T00:00:00+08:00
product,2578341,spec_zh_standard,50×70cm｜多款可选,tm_v1_owner_approved:23ff39ad6079caf2f53a68d7d9e15436ac7f4451aa7877dfd4dbb8eaab101ce1,TM_V1_OWNER_APPROVED,0,2026-09-15T00:00:00+08:00
product,2578391,cat1_zh,家居布置,tm_v1_owner_rebase:ab4aedfe7cb52b96fb49cd3980fd02673796cd6ddecdf3593087c6cc46d1d878,TM_V1_OWNER_APPROVED,0,2026-09-15T00:00:00+08:00
product,2578391,cat2_zh,家居装饰,tm_v1_owner_rebase:751e37d33da8c596da95b792755176e406bba337d61c2d4e274094e065fd30d8,TM_V1_OWNER_APPROVED,0,2026-09-15T00:00:00+08:00
product,2578391,spec_zh_standard,直径15.5×29cm,tm_v1_owner_approved:88a54b95df4cfa6693c169251671b4b6973336c673e9e66f0a45f9cb2602ac02,TM_V1_OWNER_APPROVED,0,2026-09-15T00:00:00+08:00
product,2578725,cat1_zh,服饰鞋包,tm_v1_owner_rebase:67e594858dff5cd42304eff448e8f4d765882192432f94e62f1efc2e6704beea,TM_V1_OWNER_APPROVED,0,2026-09-15T00:00:00+08:00
product,2578725,cat2_zh,手表和首饰,tm_v1_owner_rebase:c25a757e2afddbf2a3042522f2c54fb3d09ff732b0b8c0a8ed96c0145048a537,TM_V1_OWNER_APPROVED,0,2026-09-15T00:00:00+08:00
product,2578725,name_zh_standard,戒指,tm_v1_owner_rebase:88520552b6b7dd9e279721530dd77ea8bd6c24b06b5f28c73e13df33b1c8c10f,TM_V1_OWNER_APPROVED,0,2026-09-15T00:00:00+08:00
product,2579251,cat1_zh,DIY五金,tm_v1_owner_rebase:9b5b7640a1fb4c473c0ca70dfebed09ac793e0a031da139380c04d6fcf6219a9,TM_V1_OWNER_APPROVED,0,2026-09-15T00:00:00+08:00
product,2579251,cat2_zh,涂料配件,tm_v1_owner_rebase:b9d86781a90ee7640b4ac6fc999327b4f25a0157b3e82cd754ae9ea179ecb2c0,TM_V1_OWNER_APPROVED,0,2026-09-15T00:00:00+08:00
product,2579251,spec_zh_standard,10m²,tm_v1_owner_approved:d068eb49d5033986e2b0866e1f14898d4533f95ddd2fae8ed5d6b9fff0570ceb,TM_V1_OWNER_APPROVED,0,2026-09-15T00:00:00+08:00
product,2579372,cat1_zh,家居布置,tm_v1_owner_rebase:ab4aedfe7cb52b96fb49cd3980fd02673796cd6ddecdf3593087c6cc46d1d878,TM_V1_OWNER_APPROVED,0,2026-09-15T00:00:00+08:00
product,2579372,cat2_zh,家居装饰,tm_v1_owner_rebase:751e37d33da8c596da95b792755176e406bba337d61c2d4e274094e065fd30d8,TM_V1_OWNER_APPROVED,0,2026-09-15T00:00:00+08:00
product,2579428,cat1_zh,个人美容,tm_v1_owner_rebase:acdbf8e7956ccd5e33baeed5a4aea821ca2e1a02e59204d13add179b8dfb8ee1,TM_V1_OWNER_APPROVED,0,2026-09-15T00:00:00+08:00
product,2579428,cat2_zh,口腔护理,tm_v1_owner_approved:212c9f6404877bd05a495f47ad8dd850d4f621acf911b7f2b88cf67e28868542,TM_V1_OWNER_APPROVED,0,2026-09-15T00:00:00+08:00
product,2579428,spec_zh_standard,50ml,tm_v1_owner_approved:b6bd7686f77b01c507cdadf8221f60902085ec37db154bb75b02404f40cf2c58,TM_V1_OWNER_APPROVED,0,2026-09-15T00:00:00+08:00
product,2579750,cat1_zh,食品饮料,tm_v1_owner_rebase:fa4e3c34644e93ae73fc9c0ea0abce52dc5fd5ddd17f8258704b079492361fb9,TM_V1_OWNER_APPROVED,0,2026-09-15T00:00:00+08:00
product,2579750,cat2_zh,饼干,tm_v1_owner_rebase:424f01c9ba68ac95399e9000b663fb4f7d8d602c804961d8dcf32e29ceea981a,TM_V1_OWNER_APPROVED,0,2026-09-15T00:00:00+08:00
product,2579750,spec_zh_standard,5×28g,tm_v1_owner_approved:dd416b5971e84cf36469eef26e2c2932e1c06eec7fab6b2236472adcc6eb592d,TM_V1_OWNER_APPROVED,0,2026-09-15T00:00:00+08:00
product,2580154,cat1_zh,DIY五金,tm_v1_owner_rebase:9b5b7640a1fb4c473c0ca70dfebed09ac793e0a031da139380c04d6fcf6219a9,TM_V1_OWNER_APPROVED,0,2026-09-15T00:00:00+08:00
product,2580154,cat2_zh,涂料配件,tm_v1_owner_rebase:b9d86781a90ee7640b4ac6fc999327b4f25a0157b3e82cd754ae9ea179ecb2c0,TM_V1_OWNER_APPROVED,0,2026-09-15T00:00:00+08:00
product,2580320,cat2_zh,清洁产品,tm_v1_owner_approved:a0b7162cf96cca9238b520108f225efabe067c47ee5d28a0216d45fe1f07c71b,TM_V1_OWNER_APPROVED,0,2026-09-15T00:00:00+08:00
product,2580320,spec_zh_standard,300ml｜多款可选,tm_v1_owner_approved:f71263bd86ad5f11f33fe8187c75364b98d0bc8974f85b66df3b3b8974cdce56,TM_V1_OWNER_APPROVED,0,2026-09-15T00:00:00+08:00
product,2580337,cat1_zh,食品饮料,tm_v1_owner_rebase:fa4e3c34644e93ae73fc9c0ea0abce52dc5fd5ddd17f8258704b079492361fb9,TM_V1_OWNER_APPROVED,0,2026-09-15T00:00:00+08:00
product,2580337,cat2_zh,饼干,tm_v1_owner_rebase:424f01c9ba68ac95399e9000b663fb4f7d8d602c804961d8dcf32e29ceea981a,TM_V1_OWNER_APPROVED,0,2026-09-15T00:00:00+08:00
product,2580337,name_zh_standard,芝麻脆片,tm_v1_owner_approved:f8b86ef82a3d00c9d2a07620f0051780a0033abe93b64403a0ac3e8b06f05acb,TM_V1_OWNER_APPROVED,0,2026-09-15T00:00:00+08:00
product,2580351,cat1_zh,食品饮料,tm_v1_owner_rebase:fa4e3c34644e93ae73fc9c0ea0abce52dc5fd5ddd17f8258704b079492361fb9,TM_V1_OWNER_APPROVED,0,2026-09-15T00:00:00+08:00
product,2580351,cat2_zh,食品,tm_v1_owner_approved:3fad21b90744c83d0cf419933d20ff248f1bd474a0bc02291c14dcc2b8deb8a4,TM_V1_OWNER_APPROVED,0,2026-09-15T00:00:00+08:00
product,2580351,spec_zh_standard,50g,tm_v1_owner_approved:43374b78b40d7b4e68570fb759b038b41c40ab0f391f018c92b3d4edf41ab27c,TM_V1_OWNER_APPROVED,0,2026-09-15T00:00:00+08:00
product,2580757,cat1_zh,食品饮料,tm_v1_owner_rebase:fa4e3c34644e93ae73fc9c0ea0abce52dc5fd5ddd17f8258704b079492361fb9,TM_V1_OWNER_APPROVED,0,2026-09-15T00:00:00+08:00
product,2580757,cat2_zh,饮料,tm_v1_owner_approved:b8f8133c67eac245979d034aa40b60d1abc51a4ac13f5e4a09832e24f6cc5005,TM_V1_OWNER_APPROVED,0,2026-09-15T00:00:00+08:00
product,2581076,cat1_zh,服饰鞋包,tm_v1_owner_rebase:67e594858dff5cd42304eff448e8f4d765882192432f94e62f1efc2e6704beea,TM_V1_OWNER_APPROVED,0,2026-09-15T00:00:00+08:00
product,2581076,cat2_zh,鞋靴,tm_v1_owner_rebase:50b22168c0c537e174015f716eda6fd31a0235478460c51286b8a97f20b3468f,TM_V1_OWNER_APPROVED,0,2026-09-15T00:00:00+08:00
product,2581079,cat1_zh,服饰鞋包,tm_v1_owner_rebase:67e594858dff5cd42304eff448e8f4d765882192432f94e62f1efc2e6704beea,TM_V1_OWNER_APPROVED,0,2026-09-15T00:00:00+08:00
product,2581079,cat2_zh,鞋靴,tm_v1_owner_rebase:50b22168c0c537e174015f716eda6fd31a0235478460c51286b8a97f20b3468f,TM_V1_OWNER_APPROVED,0,2026-09-15T00:00:00+08:00
product,2581167,cat1_zh,食品饮料,tm_v1_owner_rebase:fa4e3c34644e93ae73fc9c0ea0abce52dc5fd5ddd17f8258704b079492361fb9,TM_V1_OWNER_APPROVED,0,2026-09-15T00:00:00+08:00
product,2581167,cat2_zh,饮料,tm_v1_owner_rebase:b8f8133c67eac245979d034aa40b60d1abc51a4ac13f5e4a09832e24f6cc5005,TM_V1_OWNER_APPROVED,0,2026-09-15T00:00:00+08:00
product,2581195,cat1_zh,食品饮料,tm_v1_owner_rebase:fa4e3c34644e93ae73fc9c0ea0abce52dc5fd5ddd17f8258704b079492361fb9,TM_V1_OWNER_APPROVED,0,2026-09-15T00:00:00+08:00
product,2581195,cat2_zh,饮料,tm_v1_owner_rebase:b8f8133c67eac245979d034aa40b60d1abc51a4ac13f5e4a09832e24f6cc5005,TM_V1_OWNER_APPROVED,0,2026-09-15T00:00:00+08:00
product,2581195,spec_zh_standard,500g,tm_v1_owner_approved:7cf5cc5d0ba59454c67c6d9d0b540b6330681f136565edb695e160540d456386,TM_V1_OWNER_APPROVED,0,2026-09-15T00:00:00+08:00
product,2581230,cat1_zh,食品饮料,tm_v1_owner_rebase:fa4e3c34644e93ae73fc9c0ea0abce52dc5fd5ddd17f8258704b079492361fb9,TM_V1_OWNER_APPROVED,0,2026-09-15T00:00:00+08:00
product,2581230,cat2_zh,糖果,tm_v1_owner_approved:a119876cdc8098b202512ef22d340aae07ea6deece1808b004c4382e8b5c16b8,TM_V1_OWNER_APPROVED,0,2026-09-15T00:00:00+08:00
product,2581230,spec_zh_standard,5×18g,tm_v1_owner_approved:b1d98ef36a362c0e5df4a1703daacb37e9e7ad762ee5f3682f203787ba77c201,TM_V1_OWNER_APPROVED,0,2026-09-15T00:00:00+08:00
product,2581289,cat1_zh,DIY五金,tm_v1_owner_rebase:9b5b7640a1fb4c473c0ca70dfebed09ac793e0a031da139380c04d6fcf6219a9,TM_V1_OWNER_APPROVED,0,2026-09-15T00:00:00+08:00
product,2581289,cat2_zh,工具,tm_v1_owner_rebase:707de0de8270148c03bcb87688ac576c9c6ebe52dbe6c87df7b0a49166d2c8a0,TM_V1_OWNER_APPROVED,0,2026-09-15T00:00:00+08:00
product,2581289,spec_zh_standard,30m,tm_v1_owner_approved:0c881122699d77c961c7e123050538ba8dea3a982f2d97038e84cef3192edadb,TM_V1_OWNER_APPROVED,0,2026-09-15T00:00:00+08:00
product,2581312,cat1_zh,家居布置,tm_v1_owner_rebase:ab4aedfe7cb52b96fb49cd3980fd02673796cd6ddecdf3593087c6cc46d1d878,TM_V1_OWNER_APPROVED,0,2026-09-15T00:00:00+08:00
product,2581312,cat2_zh,家居装饰,tm_v1_owner_rebase:751e37d33da8c596da95b792755176e406bba337d61c2d4e274094e065fd30d8,TM_V1_OWNER_APPROVED,0,2026-09-15T00:00:00+08:00
product,2581312,name_zh_standard,照片搁架,tm_v1_owner_approved:f40df2b63d59a7a8d8476c37e919cd5659dc5435104618556e4c7c07c825363e,TM_V1_OWNER_APPROVED,0,2026-09-15T00:00:00+08:00
product,2581312,spec_zh_standard,77×10×4cm｜多种颜色,tm_v1_owner_approved:49cc7be0a8f049e8da6e1d09e0abe4542c390c8856dbe28ecc01e4a704388ca1,TM_V1_OWNER_APPROVED,0,2026-09-15T00:00:00+08:00
product,2581329,cat1_zh,食品饮料,tm_v1_owner_rebase:fa4e3c34644e93ae73fc9c0ea0abce52dc5fd5ddd17f8258704b079492361fb9,TM_V1_OWNER_APPROVED,0,2026-09-15T00:00:00+08:00
product,2581329,cat2_zh,坚果和零食,tm_v1_owner_rebase:2ac3df608ab28ca59b51e2ac86557858ce2457655354fe6cb55b986a380508aa,TM_V1_OWNER_APPROVED,0,2026-09-15T00:00:00+08:00
product,2581329,spec_zh_standard,300g,tm_v1_owner_approved:ca49d67aa22b0b76a6e5e2620df3bfaefae19dc9de33f60852909f333b802e7a,TM_V1_OWNER_APPROVED,0,2026-09-15T00:00:00+08:00
product,2581335,cat1_zh,食品饮料,tm_v1_owner_rebase:fa4e3c34644e93ae73fc9c0ea0abce52dc5fd5ddd17f8258704b079492361fb9,TM_V1_OWNER_APPROVED,0,2026-09-15T00:00:00+08:00
product,2581335,cat2_zh,坚果和零食,tm_v1_owner_rebase:2ac3df608ab28ca59b51e2ac86557858ce2457655354fe6cb55b986a380508aa,TM_V1_OWNER_APPROVED,0,2026-09-15T00:00:00+08:00
product,2581335,spec_zh_standard,300g,tm_v1_owner_rebase:ca49d67aa22b0b76a6e5e2620df3bfaefae19dc9de33f60852909f333b802e7a,TM_V1_OWNER_APPROVED,0,2026-09-15T00:00:00+08:00
product,2581447,cat1_zh,DIY五金,tm_v1_owner_rebase:9b5b7640a1fb4c473c0ca70dfebed09ac793e0a031da139380c04d6fcf6219a9,TM_V1_OWNER_APPROVED,0,2026-09-15T00:00:00+08:00
product,2581447,cat2_zh,工具,tm_v1_owner_rebase:707de0de8270148c03bcb87688ac576c9c6ebe52dbe6c87df7b0a49166d2c8a0,TM_V1_OWNER_APPROVED,0,2026-09-15T00:00:00+08:00
product,2581447,spec_zh_standard,17×23×17cm,tm_v1_owner_approved:8f1c84e23600226c5b243aa48d43e176a9d57d4bc14a7ca29b4ada39fe9c5156,TM_V1_OWNER_APPROVED,0,2026-09-15T00:00:00+08:00
product,2581644,cat1_zh,家居布置,tm_v1_owner_rebase:ab4aedfe7cb52b96fb49cd3980fd02673796cd6ddecdf3593087c6cc46d1d878,TM_V1_OWNER_APPROVED,0,2026-09-15T00:00:00+08:00
product,2581644,cat2_zh,床上用品,tm_v1_owner_rebase:c4506a9ac4cc4edb14b4fe204ba449f1f4305af4d69a88feac6a0f102be09262,TM_V1_OWNER_APPROVED,0,2026-09-15T00:00:00+08:00
product,2581644,name_zh_standard,床盖,tm_v1_owner_approved:144a972d1e08c77770b927521be1c58d803b010f6ec752f7c96c9a5f1584dd68,TM_V1_OWNER_APPROVED,0,2026-09-15T00:00:00+08:00
product,2581644,spec_zh_standard,240×220cm｜多款可选,tm_v1_owner_approved:3a59eb0799ea15c0703a86e5f29a1d91682cc3b99c91865616f17ebc764dab99,TM_V1_OWNER_APPROVED,0,2026-09-15T00:00:00+08:00
product,2581690,cat1_zh,DIY五金,tm_v1_owner_rebase:9b5b7640a1fb4c473c0ca70dfebed09ac793e0a031da139380c04d6fcf6219a9,TM_V1_OWNER_APPROVED,0,2026-09-15T00:00:00+08:00
product,2581690,cat2_zh,工具,tm_v1_owner_rebase:707de0de8270148c03bcb87688ac576c9c6ebe52dbe6c87df7b0a49166d2c8a0,TM_V1_OWNER_APPROVED,0,2026-09-15T00:00:00+08:00
product,2581690,spec_zh_standard,280ml｜白色,tm_v1_owner_approved:bc5d490b0d2b768aedc6c3e5ff9d4a8602a411408848e39e57bf0cc8378fa286,TM_V1_OWNER_APPROVED,0,2026-09-15T00:00:00+08:00
product,2581692,cat1_zh,DIY五金,tm_v1_owner_rebase:9b5b7640a1fb4c473c0ca70dfebed09ac793e0a031da139380c04d6fcf6219a9,TM_V1_OWNER_APPROVED,0,2026-09-15T00:00:00+08:00
product,2581692,cat2_zh,工具,tm_v1_owner_rebase:707de0de8270148c03bcb87688ac576c9c6ebe52dbe6c87df7b0a49166d2c8a0,TM_V1_OWNER_APPROVED,0,2026-09-15T00:00:00+08:00
product,2581692,spec_zh_standard,280ml｜透明,tm_v1_owner_approved:3cc0ddc00b26276a573b882204c4960b584b8991cc4f867e73150ef86fe5950c,TM_V1_OWNER_APPROVED,0,2026-09-15T00:00:00+08:00
product,2581798,cat1_zh,服饰鞋包,tm_v1_owner_rebase:67e594858dff5cd42304eff448e8f4d765882192432f94e62f1efc2e6704beea,TM_V1_OWNER_APPROVED,0,2026-09-15T00:00:00+08:00
product,2581798,cat2_zh,内衣,tm_v1_owner_rebase:2bb003304fc3a73e20608404362e9f8e1527cd40d6cb308927df33d01316b793,TM_V1_OWNER_APPROVED,0,2026-09-15T00:00:00+08:00
product,2581798,name_zh_standard,文胸,tm_v1_owner_approved:cac7c0375a59f9cf9c4cff75fdcaab140e8ff8c0b69c3eb960040c3573fb4314,TM_V1_OWNER_APPROVED,0,2026-09-15T00:00:00+08:00
product,2581798,spec_zh_standard,尺码 S-L｜多种颜色,tm_v1_owner_approved:30280c0cc9cd28761c644eeb50e8e04c556069a2f6838ff5e419ebe5d3ba7be2,TM_V1_OWNER_APPROVED,0,2026-09-15T00:00:00+08:00
product,2581876,cat1_zh,园艺户外,tm_v1_owner_approved:1d5bf7f6889470522dfebdf5f7ac05bdc4fd1d2049e3c78ca983aefd74067354,TM_V1_OWNER_APPROVED,0,2026-09-15T00:00:00+08:00
product,2581876,cat2_zh,泳池用品,tm_v1_owner_approved:01243dc1575caa7390872c2b4b177bb4c9df5b5975734866903f4bc5fe160f2e,TM_V1_OWNER_APPROVED,0,2026-09-15T00:00:00+08:00
product,2581876,spec_zh_standard,1.5kg,tm_v1_owner_approved:dc30625398699e739b2d8770d887e408918fe22610925bc97d52692bb081a744,TM_V1_OWNER_APPROVED,0,2026-09-15T00:00:00+08:00
product,2581927,cat1_zh,食品饮料,tm_v1_owner_rebase:fa4e3c34644e93ae73fc9c0ea0abce52dc5fd5ddd17f8258704b079492361fb9,TM_V1_OWNER_APPROVED,0,2026-09-15T00:00:00+08:00
product,2581927,cat2_zh,坚果和零食,tm_v1_owner_rebase:2ac3df608ab28ca59b51e2ac86557858ce2457655354fe6cb55b986a380508aa,TM_V1_OWNER_APPROVED,0,2026-09-15T00:00:00+08:00
product,2581927,spec_zh_standard,375g,tm_v1_owner_approved:c67087f9ec7f5142d83ee8f13f8b23b06e1b254b0508eabdcc95f289509b403f,TM_V1_OWNER_APPROVED,0,2026-09-15T00:00:00+08:00
product,2581928,cat1_zh,食品饮料,tm_v1_owner_rebase:fa4e3c34644e93ae73fc9c0ea0abce52dc5fd5ddd17f8258704b079492361fb9,TM_V1_OWNER_APPROVED,0,2026-09-15T00:00:00+08:00
product,2581928,cat2_zh,坚果和零食,tm_v1_owner_rebase:2ac3df608ab28ca59b51e2ac86557858ce2457655354fe6cb55b986a380508aa,TM_V1_OWNER_APPROVED,0,2026-09-15T00:00:00+08:00
product,2581928,spec_zh_standard,375g,tm_v1_owner_rebase:c67087f9ec7f5142d83ee8f13f8b23b06e1b254b0508eabdcc95f289509b403f,TM_V1_OWNER_APPROVED,0,2026-09-15T00:00:00+08:00
product,2582260,cat1_zh,DIY五金,tm_v1_owner_rebase:9b5b7640a1fb4c473c0ca70dfebed09ac793e0a031da139380c04d6fcf6219a9,TM_V1_OWNER_APPROVED,0,2026-09-15T00:00:00+08:00
product,2582260,cat2_zh,工具,tm_v1_owner_rebase:707de0de8270148c03bcb87688ac576c9c6ebe52dbe6c87df7b0a49166d2c8a0,TM_V1_OWNER_APPROVED,0,2026-09-15T00:00:00+08:00
product,2582260,name_zh_standard,钉子,tm_v1_owner_approved:84c8909b77d54793f976b4f6b00b0625018b5a4a962dd5ce4d7ba14c00effb22,TM_V1_OWNER_APPROVED,0,2026-09-15T00:00:00+08:00
product,2582269,cat1_zh,DIY五金,tm_v1_owner_rebase:9b5b7640a1fb4c473c0ca70dfebed09ac793e0a031da139380c04d6fcf6219a9,TM_V1_OWNER_APPROVED,0,2026-09-15T00:00:00+08:00
product,2582269,cat2_zh,自行车,tm_v1_owner_rebase:b4709394447158de7b3ef42c4ec14d01948a147179eb4faec75f1fc612bfe099,TM_V1_OWNER_APPROVED,0,2026-09-15T00:00:00+08:00
product,2582269,spec_zh_standard,120cm,tm_v1_owner_approved:5e603295e1ed71d94298bf647177966a8bd68c3d6d931ef6c5fad9f1acd96d52,TM_V1_OWNER_APPROVED,0,2026-09-15T00:00:00+08:00
product,2582293,cat1_zh,DIY五金,tm_v1_owner_rebase:9b5b7640a1fb4c473c0ca70dfebed09ac793e0a031da139380c04d6fcf6219a9,TM_V1_OWNER_APPROVED,0,2026-09-15T00:00:00+08:00
product,2582293,cat2_zh,涂料配件,tm_v1_owner_rebase:b9d86781a90ee7640b4ac6fc999327b4f25a0157b3e82cd754ae9ea179ecb2c0,TM_V1_OWNER_APPROVED,0,2026-09-15T00:00:00+08:00
product,2582293,spec_zh_standard,25m×36mm,tm_v1_owner_approved:ff30f835f8fc127c0263760089c5bddfa5c797db744361dfaac19e7b76f49137,TM_V1_OWNER_APPROVED,0,2026-09-15T00:00:00+08:00
product,2582385,cat1_zh,DIY五金,tm_v1_owner_rebase:9b5b7640a1fb4c473c0ca70dfebed09ac793e0a031da139380c04d6fcf6219a9,TM_V1_OWNER_APPROVED,0,2026-09-15T00:00:00+08:00
product,2582385,cat2_zh,照明,tm_v1_owner_approved:166c7d29c187f2a6975958b571c10932e51cd12e26e2b5608c7913bb1bdcfcfd,TM_V1_OWNER_APPROVED,0,2026-09-15T00:00:00+08:00
product,2582385,name_zh_standard,带感应器的衣柜照明灯,tm_v1_owner_approved:5093ee1dc45ccb39290c9ff54f5a491d105588eaf825a678de443b6bdff46010,TM_V1_OWNER_APPROVED,0,2026-09-15T00:00:00+08:00
product,2582385,spec_zh_standard,25cm｜多款可选,tm_v1_owner_approved:2f4cacfe8fc4dbb0976a64a0535ef88d8ac30091468b8e11267b2946c6afc1e7,TM_V1_OWNER_APPROVED,0,2026-09-15T00:00:00+08:00
product,2582581,cat1_zh,食品饮料,tm_v1_owner_rebase:fa4e3c34644e93ae73fc9c0ea0abce52dc5fd5ddd17f8258704b079492361fb9,TM_V1_OWNER_APPROVED,0,2026-09-15T00:00:00+08:00
product,2582581,cat2_zh,坚果和零食,tm_v1_owner_rebase:2ac3df608ab28ca59b51e2ac86557858ce2457655354fe6cb55b986a380508aa,TM_V1_OWNER_APPROVED,0,2026-09-15T00:00:00+08:00
product,2582581,spec_zh_standard,150g,tm_v1_owner_rebase:93ddb73063896389b4f4cce7874eb22401729531d9b395c0db223fc671fb80cb,TM_V1_OWNER_APPROVED,0,2026-09-15T00:00:00+08:00
product,2582616,cat1_zh,家居布置,tm_v1_owner_rebase:ab4aedfe7cb52b96fb49cd3980fd02673796cd6ddecdf3593087c6cc46d1d878,TM_V1_OWNER_APPROVED,0,2026-09-15T00:00:00+08:00
product,2582616,cat2_zh,家居装饰,tm_v1_owner_rebase:751e37d33da8c596da95b792755176e406bba337d61c2d4e274094e065fd30d8,TM_V1_OWNER_APPROVED,0,2026-09-15T00:00:00+08:00
product,2582616,spec_zh_standard,30×40cm｜多款可选,tm_v1_owner_approved:3e4ec122122d8649c44e9dc70bc258b9c4fc0818c4253948625ac1069ea9bebd,TM_V1_OWNER_APPROVED,0,2026-09-15T00:00:00+08:00
product,3000603,cat1_zh,家居布置,tm_v1_owner_rebase:ab4aedfe7cb52b96fb49cd3980fd02673796cd6ddecdf3593087c6cc46d1d878,TM_V1_OWNER_APPROVED,0,2026-09-15T00:00:00+08:00
product,3000603,cat2_zh,家居装饰,tm_v1_owner_rebase:751e37d33da8c596da95b792755176e406bba337d61c2d4e274094e065fd30d8,TM_V1_OWNER_APPROVED,0,2026-09-15T00:00:00+08:00
product,3000603,name_zh_standard,白色墓前蜡烛,tm_v1_owner_approved:45ae9b4f876cf99cea8fee16bcdb8d1f553082802c2f0f4611021d2719adf58f,TM_V1_OWNER_APPROVED,0,2026-09-15T00:00:00+08:00
product,3000603,spec_zh_standard,直径6×9.5cm,tm_v1_owner_approved:fc7b8fd0975947e1028e03971d432fdc27cd417cd2c69cca13bd9994342108c1,TM_V1_OWNER_APPROVED,0,2026-09-15T00:00:00+08:00
product,3000648,cat1_zh,服饰鞋包,tm_v1_owner_rebase:67e594858dff5cd42304eff448e8f4d765882192432f94e62f1efc2e6704beea,TM_V1_OWNER_APPROVED,0,2026-09-15T00:00:00+08:00
product,3000648,cat2_zh,发饰,tm_v1_owner_rebase:9bc409cb0ec05e3380c64662f14d700fb2e2fb44015a93c5fbfa26cae9779a59,TM_V1_OWNER_APPROVED,0,2026-09-15T00:00:00+08:00
product,3000729,cat1_zh,食品饮料,tm_v1_owner_rebase:fa4e3c34644e93ae73fc9c0ea0abce52dc5fd5ddd17f8258704b079492361fb9,TM_V1_OWNER_APPROVED,0,2026-09-15T00:00:00+08:00
product,3000729,cat2_zh,食品,tm_v1_owner_rebase:3fad21b90744c83d0cf419933d20ff248f1bd474a0bc02291c14dcc2b8deb8a4,TM_V1_OWNER_APPROVED,0,2026-09-15T00:00:00+08:00
product,3000729,spec_zh_standard,250ml｜多款可选,tm_v1_owner_approved:560c69aeec5a7cb927069e623ce1ba42e065a0c9e676c5c00b0891af520f651a,TM_V1_OWNER_APPROVED,0,2026-09-15T00:00:00+08:00
product,3000880,cat1_zh,食品饮料,tm_v1_owner_rebase:fa4e3c34644e93ae73fc9c0ea0abce52dc5fd5ddd17f8258704b079492361fb9,TM_V1_OWNER_APPROVED,0,2026-09-15T00:00:00+08:00
product,3000880,cat2_zh,饮料,tm_v1_owner_rebase:b8f8133c67eac245979d034aa40b60d1abc51a4ac13f5e4a09832e24f6cc5005,TM_V1_OWNER_APPROVED,0,2026-09-15T00:00:00+08:00
product,3000880,spec_zh_standard,345ml｜多款可选,tm_v1_owner_approved:36432e2a5cc8a041222da8485ddcb3fb1ad2825f2a7f8e28b7f3da03b17f2040,TM_V1_OWNER_APPROVED,0,2026-09-15T00:00:00+08:00
product,3001049,cat1_zh,食品饮料,tm_v1_owner_rebase:fa4e3c34644e93ae73fc9c0ea0abce52dc5fd5ddd17f8258704b079492361fb9,TM_V1_OWNER_APPROVED,0,2026-09-15T00:00:00+08:00
product,3001049,cat2_zh,坚果和零食,tm_v1_owner_rebase:2ac3df608ab28ca59b51e2ac86557858ce2457655354fe6cb55b986a380508aa,TM_V1_OWNER_APPROVED,0,2026-09-15T00:00:00+08:00
product,3001049,spec_zh_standard,130g,tm_v1_owner_approved:56d83eda89f77343b692240b89fe2458df22731df94ed5a4fcf716c37ded4738,TM_V1_OWNER_APPROVED,0,2026-09-15T00:00:00+08:00
product,3001050,cat1_zh,食品饮料,tm_v1_owner_rebase:fa4e3c34644e93ae73fc9c0ea0abce52dc5fd5ddd17f8258704b079492361fb9,TM_V1_OWNER_APPROVED,0,2026-09-15T00:00:00+08:00
product,3001050,cat2_zh,坚果和零食,tm_v1_owner_rebase:2ac3df608ab28ca59b51e2ac86557858ce2457655354fe6cb55b986a380508aa,TM_V1_OWNER_APPROVED,0,2026-09-15T00:00:00+08:00
product,3001050,spec_zh_standard,130g,tm_v1_owner_rebase:56d83eda89f77343b692240b89fe2458df22731df94ed5a4fcf716c37ded4738,TM_V1_OWNER_APPROVED,0,2026-09-15T00:00:00+08:00
product,3001051,cat1_zh,食品饮料,tm_v1_owner_rebase:fa4e3c34644e93ae73fc9c0ea0abce52dc5fd5ddd17f8258704b079492361fb9,TM_V1_OWNER_APPROVED,0,2026-09-15T00:00:00+08:00
product,3001051,cat2_zh,坚果和零食,tm_v1_owner_rebase:2ac3df608ab28ca59b51e2ac86557858ce2457655354fe6cb55b986a380508aa,TM_V1_OWNER_APPROVED,0,2026-09-15T00:00:00+08:00
product,3001051,spec_zh_standard,115g,tm_v1_owner_approved:6b131a02fefdfa84094e24b8bb9e18e1c8156e832feaa598214a4c6b8c3f172c,TM_V1_OWNER_APPROVED,0,2026-09-15T00:00:00+08:00
product,3001105,cat1_zh,家居布置,tm_v1_owner_rebase:ab4aedfe7cb52b96fb49cd3980fd02673796cd6ddecdf3593087c6cc46d1d878,TM_V1_OWNER_APPROVED,0,2026-09-15T00:00:00+08:00
product,3001105,cat2_zh,浴室纺织,tm_v1_owner_rebase:5eba69ef3650490fd5876efdd62e37ee2e05513604921e47c74a6cab482b57ed,TM_V1_OWNER_APPROVED,0,2026-09-15T00:00:00+08:00
product,3001105,spec_zh_standard,70×40cm,tm_v1_owner_approved:6c42da23175b70f03567741adf6ac16f8a657c31b17768d3bb69d5d089929477,TM_V1_OWNER_APPROVED,0,2026-09-15T00:00:00+08:00
product,3001144,cat1_zh,家居布置,tm_v1_owner_rebase:ab4aedfe7cb52b96fb49cd3980fd02673796cd6ddecdf3593087c6cc46d1d878,TM_V1_OWNER_APPROVED,0,2026-09-15T00:00:00+08:00
product,3001144,cat2_zh,浴室纺织,tm_v1_owner_rebase:5eba69ef3650490fd5876efdd62e37ee2e05513604921e47c74a6cab482b57ed,TM_V1_OWNER_APPROVED,0,2026-09-15T00:00:00+08:00
product,3001144,spec_zh_standard,50×100cm,tm_v1_owner_approved:c7f0b48d448d59d167191d74cf286201a483e2a34f96f1221e0e1c4bc27dc7c0,TM_V1_OWNER_APPROVED,0,2026-09-15T00:00:00+08:00
product,3001238,cat2_zh,洗涤剂和洗碗用品,tm_v1_owner_rebase:e7f30ebd05fcbe0f66607d2e4028e46a35d707ab6d54c0c2595f6e3b846ace72,TM_V1_OWNER_APPROVED,0,2026-09-15T00:00:00+08:00
product,3001238,spec_zh_standard,80次,tm_v1_owner_approved:1f80219be8d93eefe9d37881f27f9de85a940a065c4ffb02f1d672a2d97aaaea,TM_V1_OWNER_APPROVED,0,2026-09-15T00:00:00+08:00
product,3001469,cat1_zh,食品饮料,tm_v1_owner_rebase:fa4e3c34644e93ae73fc9c0ea0abce52dc5fd5ddd17f8258704b079492361fb9,TM_V1_OWNER_APPROVED,0,2026-09-15T00:00:00+08:00
product,3001469,cat2_zh,糖果,tm_v1_owner_rebase:a119876cdc8098b202512ef22d340aae07ea6deece1808b004c4382e8b5c16b8,TM_V1_OWNER_APPROVED,0,2026-09-15T00:00:00+08:00
product,3001469,spec_zh_standard,400g,tm_v1_owner_approved:f703d2abcdaa2fe249bf33946b59542f8f76c5ebc1a69a10c1c8c36c6638bc86,TM_V1_OWNER_APPROVED,0,2026-09-15T00:00:00+08:00
product,3001509,cat1_zh,服饰鞋包,tm_v1_owner_rebase:67e594858dff5cd42304eff448e8f4d765882192432f94e62f1efc2e6704beea,TM_V1_OWNER_APPROVED,0,2026-09-15T00:00:00+08:00
product,3001509,cat2_zh,发饰,tm_v1_owner_rebase:9bc409cb0ec05e3380c64662f14d700fb2e2fb44015a93c5fbfa26cae9779a59,TM_V1_OWNER_APPROVED,0,2026-09-15T00:00:00+08:00
product,3001509,name_zh_standard,迷你发圈,tm_v1_owner_approved:6f76e58f21e7de89596a2e58528db8b385459d81bedddb258d3a5dce9593d026,TM_V1_OWNER_APPROVED,0,2026-09-15T00:00:00+08:00
product,3001524,cat2_zh,清洁产品,tm_v1_owner_rebase:a0b7162cf96cca9238b520108f225efabe067c47ee5d28a0216d45fe1f07c71b,TM_V1_OWNER_APPROVED,0,2026-09-15T00:00:00+08:00
product,3001524,spec_zh_standard,250ml,tm_v1_owner_approved:40d352884ea3ab7ede2fc76dabbaf9c7503a8b6495825c995a4782824c7f64d6,TM_V1_OWNER_APPROVED,0,2026-09-15T00:00:00+08:00
product,3001527,cat2_zh,清洁产品,tm_v1_owner_rebase:a0b7162cf96cca9238b520108f225efabe067c47ee5d28a0216d45fe1f07c71b,TM_V1_OWNER_APPROVED,0,2026-09-15T00:00:00+08:00
product,3001527,spec_zh_standard,250ml,tm_v1_owner_rebase:40d352884ea3ab7ede2fc76dabbaf9c7503a8b6495825c995a4782824c7f64d6,TM_V1_OWNER_APPROVED,0,2026-09-15T00:00:00+08:00
product,3001661,cat2_zh,清洁产品,tm_v1_owner_rebase:a0b7162cf96cca9238b520108f225efabe067c47ee5d28a0216d45fe1f07c71b,TM_V1_OWNER_APPROVED,0,2026-09-15T00:00:00+08:00
product,3001661,spec_zh_standard,750ml,tm_v1_owner_rebase:da6ddd4e0cdd1e5d3cd6603a29ad12ca98ce1914899b283b1a2b9ce472d805f8,TM_V1_OWNER_APPROVED,0,2026-09-15T00:00:00+08:00
product,3001685,cat1_zh,DIY五金,tm_v1_owner_rebase:9b5b7640a1fb4c473c0ca70dfebed09ac793e0a031da139380c04d6fcf6219a9,TM_V1_OWNER_APPROVED,0,2026-09-15T00:00:00+08:00
product,3001685,cat2_zh,工具,tm_v1_owner_rebase:707de0de8270148c03bcb87688ac576c9c6ebe52dbe6c87df7b0a49166d2c8a0,TM_V1_OWNER_APPROVED,0,2026-09-15T00:00:00+08:00
product,3001685,spec_zh_standard,250g,tm_v1_owner_approved:c47e59080fe4f31fd47571067c3ff8ee7937cd8f077586dc45046f3ef64be336,TM_V1_OWNER_APPROVED,0,2026-09-15T00:00:00+08:00
product,3001724,cat1_zh,服饰鞋包,tm_v1_owner_rebase:67e594858dff5cd42304eff448e8f4d765882192432f94e62f1efc2e6704beea,TM_V1_OWNER_APPROVED,0,2026-09-15T00:00:00+08:00
product,3001724,cat2_zh,鞋靴,tm_v1_owner_rebase:50b22168c0c537e174015f716eda6fd31a0235478460c51286b8a97f20b3468f,TM_V1_OWNER_APPROVED,0,2026-09-15T00:00:00+08:00
product,3001724,name_zh_standard,运动鞋增白剂,tm_v1_owner_approved:16a8aca5c947d300b97200749b18cba8309cc00d714ff24ad321843ab7915e59,TM_V1_OWNER_APPROVED,0,2026-09-15T00:00:00+08:00
product,3001724,spec_zh_standard,75ml,tm_v1_owner_approved:937ea52d017a58471e2d6d763aabaeeb7d6d4999b0a4dae0de296c89cb778ea0,TM_V1_OWNER_APPROVED,0,2026-09-15T00:00:00+08:00
product,3001742,cat1_zh,食品饮料,tm_v1_owner_rebase:fa4e3c34644e93ae73fc9c0ea0abce52dc5fd5ddd17f8258704b079492361fb9,TM_V1_OWNER_APPROVED,0,2026-09-15T00:00:00+08:00
product,3001742,cat2_zh,饼干,tm_v1_owner_rebase:424f01c9ba68ac95399e9000b663fb4f7d8d602c804961d8dcf32e29ceea981a,TM_V1_OWNER_APPROVED,0,2026-09-15T00:00:00+08:00
product,3001875,cat1_zh,家居布置,tm_v1_owner_rebase:ab4aedfe7cb52b96fb49cd3980fd02673796cd6ddecdf3593087c6cc46d1d878,TM_V1_OWNER_APPROVED,0,2026-09-15T00:00:00+08:00
product,3001875,cat2_zh,家居装饰,tm_v1_owner_rebase:751e37d33da8c596da95b792755176e406bba337d61c2d4e274094e065fd30d8,TM_V1_OWNER_APPROVED,0,2026-09-15T00:00:00+08:00
product,3001875,spec_zh_standard,40×50cm｜多款可选,tm_v1_owner_approved:7575a4ba3f31df04c60b9a03d8f8c0c7f3b284b3b404ae181e62e9b516ebea29,TM_V1_OWNER_APPROVED,0,2026-09-15T00:00:00+08:00
product,3001917,cat2_zh,家居装饰,tm_v1_owner_rebase:751e37d33da8c596da95b792755176e406bba337d61c2d4e274094e065fd30d8,TM_V1_OWNER_APPROVED,0,2026-09-15T00:00:00+08:00
product,3001917,name_zh_standard,香薰藤条,tm_v1_owner_approved:47e0512f0727dd3a7653b407f617db16c0eaf0df3d4fe7a16336b70e4c46b997,TM_V1_OWNER_APPROVED,0,2026-09-15T00:00:00+08:00
product,3001917,spec_zh_standard,30ml｜多款可选,tm_v1_owner_approved:5101c4fb6283f079bf2aa348d31bb7be234b97af402ec5eaef565a5e17a84722,TM_V1_OWNER_APPROVED,0,2026-09-15T00:00:00+08:00
product,3002102,cat1_zh,个人美容,tm_v1_owner_rebase:acdbf8e7956ccd5e33baeed5a4aea821ca2e1a02e59204d13add179b8dfb8ee1,TM_V1_OWNER_APPROVED,0,2026-09-15T00:00:00+08:00
product,3002102,cat2_zh,面部护理,tm_v1_owner_approved:c0d29caaff6a25b4848b8865e00e311d3b90e8be686d68f8ce5b5f4db020f919,TM_V1_OWNER_APPROVED,0,2026-09-15T00:00:00+08:00
product,3002102,spec_zh_standard,400ml,tm_v1_owner_rebase:64fb35ee29745f0db466ae62353f8a76c1243e4695b909ef2671efd0389b40df,TM_V1_OWNER_APPROVED,0,2026-09-15T00:00:00+08:00
product,3002239,cat1_zh,服饰鞋包,tm_v1_owner_rebase:67e594858dff5cd42304eff448e8f4d765882192432f94e62f1efc2e6704beea,TM_V1_OWNER_APPROVED,0,2026-09-15T00:00:00+08:00
product,3002239,cat2_zh,内衣,tm_v1_owner_approved:2bb003304fc3a73e20608404362e9f8e1527cd40d6cb308927df33d01316b793,TM_V1_OWNER_APPROVED,0,2026-09-15T00:00:00+08:00
product,3002239,spec_zh_standard,尺码 S-XL｜2件,tm_v1_owner_approved:698eca12eee28c6129b86bf856e4b69a4529837442999243925eb57e9be515b6,TM_V1_OWNER_APPROVED,0,2026-09-15T00:00:00+08:00
product,3002242,cat1_zh,服饰鞋包,tm_v1_owner_rebase:67e594858dff5cd42304eff448e8f4d765882192432f94e62f1efc2e6704beea,TM_V1_OWNER_APPROVED,0,2026-09-15T00:00:00+08:00
product,3002242,cat2_zh,内衣,tm_v1_owner_rebase:2bb003304fc3a73e20608404362e9f8e1527cd40d6cb308927df33d01316b793,TM_V1_OWNER_APPROVED,0,2026-09-15T00:00:00+08:00
product,3002242,spec_zh_standard,尺码 S-XL｜2件,tm_v1_owner_rebase:698eca12eee28c6129b86bf856e4b69a4529837442999243925eb57e9be515b6,TM_V1_OWNER_APPROVED,0,2026-09-15T00:00:00+08:00
product,3002260,cat1_zh,个人美容,tm_v1_owner_rebase:acdbf8e7956ccd5e33baeed5a4aea821ca2e1a02e59204d13add179b8dfb8ee1,TM_V1_OWNER_APPROVED,0,2026-09-15T00:00:00+08:00
product,3002260,cat2_zh,沐浴和淋浴用品,tm_v1_owner_approved:fc3e1b62fbea82bb9c5ddfa64b6df969602394948ad6d4e2667885395423fed5,TM_V1_OWNER_APPROVED,0,2026-09-15T00:00:00+08:00
product,3002260,spec_zh_standard,55克｜多款可选,tm_v1_owner_approved:ac81fdb4f83a64fe421808a22d17290c8acb3aa964df4272cca93c483400b418,TM_V1_OWNER_APPROVED,0,2026-09-15T00:00:00+08:00
product,3002261,cat1_zh,个人美容,tm_v1_owner_rebase:acdbf8e7956ccd5e33baeed5a4aea821ca2e1a02e59204d13add179b8dfb8ee1,TM_V1_OWNER_APPROVED,0,2026-09-15T00:00:00+08:00
product,3002261,cat2_zh,面部护理,tm_v1_owner_rebase:c0d29caaff6a25b4848b8865e00e311d3b90e8be686d68f8ce5b5f4db020f919,TM_V1_OWNER_APPROVED,0,2026-09-15T00:00:00+08:00
product,3002261,name_zh_standard,可重复使用卸妆棉,tm_v1_owner_approved:4bdfed7c2796a3aa94a9f9957286db09c99cdb5bb7f4760f7f13c7875d483161,TM_V1_OWNER_APPROVED,0,2026-09-15T00:00:00+08:00
product,3002328,cat2_zh,家具,tm_v1_owner_approved:0e172411f9cb5df7daf991fe56df3c717163e41e1fe876412fbc3759a70d33f7,TM_V1_OWNER_APPROVED,0,2026-09-15T00:00:00+08:00
product,3002328,spec_zh_standard,20×28.5×32cm｜多种颜色,tm_v1_owner_approved:7fa12618482030735dd629f5dcfb2ba480977a266c6f223ae0dfc80fa1fb077c,TM_V1_OWNER_APPROVED,0,2026-09-15T00:00:00+08:00
product,3002516,cat1_zh,个人美容,tm_v1_owner_rebase:acdbf8e7956ccd5e33baeed5a4aea821ca2e1a02e59204d13add179b8dfb8ee1,TM_V1_OWNER_APPROVED,0,2026-09-15T00:00:00+08:00
product,3002516,cat2_zh,彩妆,tm_v1_owner_rebase:c419656c22aef4892695ee30f685adec5c172944e897152e0a1d563a6f34228f,TM_V1_OWNER_APPROVED,0,2026-09-15T00:00:00+08:00
product,3002516,spec_zh_standard,11毫升,tm_v1_owner_approved:94fa0eb942945a5ed76d2e502428eae37ce617240e009d3faf50039c81918241,TM_V1_OWNER_APPROVED,0,2026-09-15T00:00:00+08:00
product,3002598,cat1_zh,食品饮料,tm_v1_owner_rebase:fa4e3c34644e93ae73fc9c0ea0abce52dc5fd5ddd17f8258704b079492361fb9,TM_V1_OWNER_APPROVED,0,2026-09-15T00:00:00+08:00
product,3002598,cat2_zh,坚果和零食,tm_v1_owner_rebase:2ac3df608ab28ca59b51e2ac86557858ce2457655354fe6cb55b986a380508aa,TM_V1_OWNER_APPROVED,0,2026-09-15T00:00:00+08:00
product,3002598,spec_zh_standard,200克,tm_v1_owner_approved:ad53f2bf4144d8c589b2f37289fe053f2f6ed63fc1583f671445b30f421aef43,TM_V1_OWNER_APPROVED,0,2026-09-15T00:00:00+08:00
product,3002740,cat1_zh,家居布置,tm_v1_owner_rebase:ab4aedfe7cb52b96fb49cd3980fd02673796cd6ddecdf3593087c6cc46d1d878,TM_V1_OWNER_APPROVED,0,2026-09-15T00:00:00+08:00
product,3002740,cat2_zh,家居装饰,tm_v1_owner_rebase:751e37d33da8c596da95b792755176e406bba337d61c2d4e274094e065fd30d8,TM_V1_OWNER_APPROVED,0,2026-09-15T00:00:00+08:00
product,3002767,cat1_zh,食品饮料,tm_v1_owner_rebase:fa4e3c34644e93ae73fc9c0ea0abce52dc5fd5ddd17f8258704b079492361fb9,TM_V1_OWNER_APPROVED,0,2026-09-15T00:00:00+08:00
product,3002767,cat2_zh,糖果,tm_v1_owner_rebase:a119876cdc8098b202512ef22d340aae07ea6deece1808b004c4382e8b5c16b8,TM_V1_OWNER_APPROVED,0,2026-09-15T00:00:00+08:00
product,3002767,name_zh_standard,牛轧糖,tm_v1_owner_approved:bccc4febf8659d107d955be3bb55167be7773793f56ce69e60a8921ed6e6774b,TM_V1_OWNER_APPROVED,0,2026-09-15T00:00:00+08:00
product,3002767,spec_zh_standard,100g｜多款可选,tm_v1_owner_approved:6146b697450672dbd9604f86705ec6e4d58ff289d81609844689fc55637e02f1,TM_V1_OWNER_APPROVED,0,2026-09-15T00:00:00+08:00
product,3002819,cat1_zh,食品饮料,tm_v1_owner_rebase:fa4e3c34644e93ae73fc9c0ea0abce52dc5fd5ddd17f8258704b079492361fb9,TM_V1_OWNER_APPROVED,0,2026-09-15T00:00:00+08:00
product,3002819,cat2_zh,食品,tm_v1_owner_rebase:3fad21b90744c83d0cf419933d20ff248f1bd474a0bc02291c14dcc2b8deb8a4,TM_V1_OWNER_APPROVED,0,2026-09-15T00:00:00+08:00
product,3002819,spec_zh_standard,65g,tm_v1_owner_approved:ef8ec11299741e3ded57e623a48f9768aad63d5bfef074ac480e48050a9cfdc8,TM_V1_OWNER_APPROVED,0,2026-09-15T00:00:00+08:00
product,3002840,cat1_zh,DIY五金,tm_v1_owner_rebase:9b5b7640a1fb4c473c0ca70dfebed09ac793e0a031da139380c04d6fcf6219a9,TM_V1_OWNER_APPROVED,0,2026-09-15T00:00:00+08:00
product,3002840,cat2_zh,工具,tm_v1_owner_rebase:707de0de8270148c03bcb87688ac576c9c6ebe52dbe6c87df7b0a49166d2c8a0,TM_V1_OWNER_APPROVED,0,2026-09-15T00:00:00+08:00
product,3002840,spec_zh_standard,8V｜含配件,tm_v1_owner_approved:55b1dd2f965e87ce51abbd135eb087ed845a40e8b56aa013ed7413bfb170ca1b,TM_V1_OWNER_APPROVED,0,2026-09-15T00:00:00+08:00
product,3002907,cat2_zh,清洁产品,tm_v1_owner_rebase:a0b7162cf96cca9238b520108f225efabe067c47ee5d28a0216d45fe1f07c71b,TM_V1_OWNER_APPROVED,0,2026-09-15T00:00:00+08:00
product,3002907,spec_zh_standard,100g,tm_v1_owner_rebase:eaa3e327351071865ca93ef5b67c87ec7ff4cd7bd5dd8bc353217ff78356026b,TM_V1_OWNER_APPROVED,0,2026-09-15T00:00:00+08:00
product,3002917,cat1_zh,食品饮料,tm_v1_owner_rebase:fa4e3c34644e93ae73fc9c0ea0abce52dc5fd5ddd17f8258704b079492361fb9,TM_V1_OWNER_APPROVED,0,2026-09-15T00:00:00+08:00
product,3002917,cat2_zh,坚果和零食,tm_v1_owner_rebase:2ac3df608ab28ca59b51e2ac86557858ce2457655354fe6cb55b986a380508aa,TM_V1_OWNER_APPROVED,0,2026-09-15T00:00:00+08:00
product,3002917,spec_zh_standard,500g,tm_v1_owner_rebase:7cf5cc5d0ba59454c67c6d9d0b540b6330681f136565edb695e160540d456386,TM_V1_OWNER_APPROVED,0,2026-09-15T00:00:00+08:00
product,3002924,cat1_zh,DIY五金,tm_v1_owner_rebase:9b5b7640a1fb4c473c0ca70dfebed09ac793e0a031da139380c04d6fcf6219a9,TM_V1_OWNER_APPROVED,0,2026-09-15T00:00:00+08:00
product,3002924,cat2_zh,工具,tm_v1_owner_rebase:707de0de8270148c03bcb87688ac576c9c6ebe52dbe6c87df7b0a49166d2c8a0,TM_V1_OWNER_APPROVED,0,2026-09-15T00:00:00+08:00
product,3002924,spec_zh_standard,5m,tm_v1_owner_approved:954ad51bf274fbe14d7aeb811685503dc492d1bbd5f33d39c8efecd32f31726e,TM_V1_OWNER_APPROVED,0,2026-09-15T00:00:00+08:00
product,3002969,cat1_zh,食品饮料,tm_v1_owner_rebase:fa4e3c34644e93ae73fc9c0ea0abce52dc5fd5ddd17f8258704b079492361fb9,TM_V1_OWNER_APPROVED,0,2026-09-15T00:00:00+08:00
product,3002969,cat2_zh,食品,tm_v1_owner_rebase:3fad21b90744c83d0cf419933d20ff248f1bd474a0bc02291c14dcc2b8deb8a4,TM_V1_OWNER_APPROVED,0,2026-09-15T00:00:00+08:00
product,3002969,name_zh_standard,龙舌兰糖浆,tm_v1_owner_approved:38912c9e425e85fa91735d1ec82838608942044db64dccca43ce9c3f336101e2,TM_V1_OWNER_APPROVED,0,2026-09-15T00:00:00+08:00
product,3002969,spec_zh_standard,250ml,tm_v1_owner_rebase:40d352884ea3ab7ede2fc76dabbaf9c7503a8b6495825c995a4782824c7f64d6,TM_V1_OWNER_APPROVED,0,2026-09-15T00:00:00+08:00
product,3003195,cat1_zh,家居布置,tm_v1_owner_rebase:ab4aedfe7cb52b96fb49cd3980fd02673796cd6ddecdf3593087c6cc46d1d878,TM_V1_OWNER_APPROVED,0,2026-09-15T00:00:00+08:00
product,3003195,cat2_zh,家居装饰,tm_v1_owner_rebase:751e37d33da8c596da95b792755176e406bba337d61c2d4e274094e065fd30d8,TM_V1_OWNER_APPROVED,0,2026-09-15T00:00:00+08:00
product,3003195,name_zh_standard,白色墓地蜡烛,tm_v1_owner_approved:31b684ecb6fb4f7b8bf59343c7d45fd4dc78e369dfc5a2f091891c477d5bc0bf,TM_V1_OWNER_APPROVED,0,2026-09-15T00:00:00+08:00
product,3003197,cat1_zh,家居布置,tm_v1_owner_rebase:ab4aedfe7cb52b96fb49cd3980fd02673796cd6ddecdf3593087c6cc46d1d878,TM_V1_OWNER_APPROVED,0,2026-09-15T00:00:00+08:00
product,3003197,cat2_zh,家居装饰,tm_v1_owner_rebase:751e37d33da8c596da95b792755176e406bba337d61c2d4e274094e065fd30d8,TM_V1_OWNER_APPROVED,0,2026-09-15T00:00:00+08:00
product,3003197,name_zh_standard,墓地蜡烛,tm_v1_owner_approved:189ddff6c695c9a259cccd342eaee246a54abe462d0155b08305727d83cc52aa,TM_V1_OWNER_APPROVED,0,2026-09-15T00:00:00+08:00
product,3003197,spec_zh_standard,直径7×17cm｜多款可选,tm_v1_owner_approved:076f34cea201c72fa64d353c343c6eec4ae78d6dfe6af73edef3b52b19cf0224,TM_V1_OWNER_APPROVED,0,2026-09-15T00:00:00+08:00
product,3003353,cat1_zh,食品饮料,tm_v1_owner_rebase:fa4e3c34644e93ae73fc9c0ea0abce52dc5fd5ddd17f8258704b079492361fb9,TM_V1_OWNER_APPROVED,0,2026-09-15T00:00:00+08:00
product,3003353,cat2_zh,糖果,tm_v1_owner_rebase:a119876cdc8098b202512ef22d340aae07ea6deece1808b004c4382e8b5c16b8,TM_V1_OWNER_APPROVED,0,2026-09-15T00:00:00+08:00
product,3003394,cat1_zh,个人美容,tm_v1_owner_rebase:acdbf8e7956ccd5e33baeed5a4aea821ca2e1a02e59204d13add179b8dfb8ee1,TM_V1_OWNER_APPROVED,0,2026-09-15T00:00:00+08:00
product,3003394,cat2_zh,口腔护理,tm_v1_owner_rebase:212c9f6404877bd05a495f47ad8dd850d4f621acf911b7f2b88cf67e28868542,TM_V1_OWNER_APPROVED,0,2026-09-15T00:00:00+08:00
product,3003394,spec_zh_standard,9次,tm_v1_owner_approved:a98c76d88e1dc0d42d3f6594efe27aa93c598947a800a76b67f1cfd5d69d9d26,TM_V1_OWNER_APPROVED,0,2026-09-15T00:00:00+08:00
product,3005483,cat1_zh,DIY五金,tm_v1_owner_rebase:9b5b7640a1fb4c473c0ca70dfebed09ac793e0a031da139380c04d6fcf6219a9,TM_V1_OWNER_APPROVED,0,2026-09-15T00:00:00+08:00
product,3005483,cat2_zh,工具,tm_v1_owner_rebase:707de0de8270148c03bcb87688ac576c9c6ebe52dbe6c87df7b0a49166d2c8a0,TM_V1_OWNER_APPROVED,0,2026-09-15T00:00:00+08:00
product,3005483,name_zh_standard,挂锁,tm_v1_owner_approved:5371145c42dfdf0dba1546dfde4d3233e3377a4637dac697aee311bd924a3da5,TM_V1_OWNER_APPROVED,0,2026-09-15T00:00:00+08:00
product,3005581,cat1_zh,家居布置,tm_v1_owner_rebase:ab4aedfe7cb52b96fb49cd3980fd02673796cd6ddecdf3593087c6cc46d1d878,TM_V1_OWNER_APPROVED,0,2026-09-15T00:00:00+08:00
product,3005581,cat2_zh,家居装饰,tm_v1_owner_rebase:751e37d33da8c596da95b792755176e406bba337d61c2d4e274094e065fd30d8,TM_V1_OWNER_APPROVED,0,2026-09-15T00:00:00+08:00
product,3005581,name_zh_standard,镜面效果窗户贴膜,tm_v1_owner_approved:c6e4be8db1e4b7142d7c0fa0dd1d742a8a6901d61875962b6995df721305e41b,TM_V1_OWNER_APPROVED,0,2026-09-15T00:00:00+08:00
product,3005581,spec_zh_standard,200×50cm,tm_v1_owner_approved:e638285ebb26f5173af3409aaed36e0671a6d3aec71ef2b411107ffeafde8849,TM_V1_OWNER_APPROVED,0,2026-09-15T00:00:00+08:00
product,3005679,cat2_zh,鞋靴,tm_v1_owner_rebase:50b22168c0c537e174015f716eda6fd31a0235478460c51286b8a97f20b3468f,TM_V1_OWNER_APPROVED,0,2026-09-15T00:00:00+08:00
product,3005679,name_zh_standard,鞋油,tm_v1_owner_approved:2a8b4171ff1445aaf2d172cbc8e14ab699f3fc261553b0ea16f731f962ff1e87,TM_V1_OWNER_APPROVED,0,2026-09-15T00:00:00+08:00
product,3005679,spec_zh_standard,50ml｜多种颜色,tm_v1_owner_approved:3f73994aeadc6797bd1b81d418d2c01f63720b12debb4cee1e9806bb55e00786,TM_V1_OWNER_APPROVED,0,2026-09-15T00:00:00+08:00
product,3005770,cat1_zh,DIY五金,tm_v1_owner_rebase:9b5b7640a1fb4c473c0ca70dfebed09ac793e0a031da139380c04d6fcf6219a9,TM_V1_OWNER_APPROVED,0,2026-09-15T00:00:00+08:00
product,3005770,cat2_zh,工具,tm_v1_owner_rebase:707de0de8270148c03bcb87688ac576c9c6ebe52dbe6c87df7b0a49166d2c8a0,TM_V1_OWNER_APPROVED,0,2026-09-15T00:00:00+08:00
product,3005770,spec_zh_standard,460g,tm_v1_owner_approved:ef2d6b8da11d995d7ee6a20fd5f3a4ebac5a7c658896325289ba55f5219706bb,TM_V1_OWNER_APPROVED,0,2026-09-15T00:00:00+08:00
product,3005823,cat1_zh,家居布置,tm_v1_owner_rebase:ab4aedfe7cb52b96fb49cd3980fd02673796cd6ddecdf3593087c6cc46d1d878,TM_V1_OWNER_APPROVED,0,2026-09-15T00:00:00+08:00
product,3005823,cat2_zh,靠垫,tm_v1_owner_rebase:70ce9523135c75faa5ba086ab65684ca2d7985114152298a76fe6861a6fa19d1,TM_V1_OWNER_APPROVED,0,2026-09-15T00:00:00+08:00
product,3005823,name_zh_standard,靠垫芯,tm_v1_owner_approved:3c742ba62a26b1fe342dd93147d137d646133b2047bf7340385b32bec2de4004,TM_V1_OWNER_APPROVED,0,2026-09-15T00:00:00+08:00
product,3005823,spec_zh_standard,45×45cm,tm_v1_owner_approved:a918610d5ab3caf2f1673953ffda70804bdb45854b74caa707318ffe3ef4197b,TM_V1_OWNER_APPROVED,0,2026-09-15T00:00:00+08:00
product,3005845,cat1_zh,DIY五金,tm_v1_owner_rebase:9b5b7640a1fb4c473c0ca70dfebed09ac793e0a031da139380c04d6fcf6219a9,TM_V1_OWNER_APPROVED,0,2026-09-15T00:00:00+08:00
product,3005845,cat2_zh,墙面涂料,tm_v1_owner_approved:f9aad48d3464fce4d1ed9f063159c3febcf3be4d5e075938894a7513d8e806a0,TM_V1_OWNER_APPROVED,0,2026-09-15T00:00:00+08:00
product,3005845,spec_zh_standard,400ml,tm_v1_owner_rebase:64fb35ee29745f0db466ae62353f8a76c1243e4695b909ef2671efd0389b40df,TM_V1_OWNER_APPROVED,0,2026-09-15T00:00:00+08:00
product,3005846,cat1_zh,DIY五金,tm_v1_owner_rebase:9b5b7640a1fb4c473c0ca70dfebed09ac793e0a031da139380c04d6fcf6219a9,TM_V1_OWNER_APPROVED,0,2026-09-15T00:00:00+08:00
product,3005846,cat2_zh,墙面涂料,tm_v1_owner_rebase:f9aad48d3464fce4d1ed9f063159c3febcf3be4d5e075938894a7513d8e806a0,TM_V1_OWNER_APPROVED,0,2026-09-15T00:00:00+08:00
product,3005846,spec_zh_standard,400ml,tm_v1_owner_rebase:64fb35ee29745f0db466ae62353f8a76c1243e4695b909ef2671efd0389b40df,TM_V1_OWNER_APPROVED,0,2026-09-15T00:00:00+08:00
product,3005947,cat1_zh,食品饮料,tm_v1_owner_rebase:fa4e3c34644e93ae73fc9c0ea0abce52dc5fd5ddd17f8258704b079492361fb9,TM_V1_OWNER_APPROVED,0,2026-09-15T00:00:00+08:00
product,3005947,cat2_zh,饮料,tm_v1_owner_rebase:b8f8133c67eac245979d034aa40b60d1abc51a4ac13f5e4a09832e24f6cc5005,TM_V1_OWNER_APPROVED,0,2026-09-15T00:00:00+08:00
product,3005947,spec_zh_standard,500ml,tm_v1_owner_approved:e1ba85822c2543ea3fded5cb8da5cdc83595c4465baf4347fef4471087a6ec1f,TM_V1_OWNER_APPROVED,0,2026-09-15T00:00:00+08:00
product,3005999,cat1_zh,家居布置,tm_v1_owner_rebase:ab4aedfe7cb52b96fb49cd3980fd02673796cd6ddecdf3593087c6cc46d1d878,TM_V1_OWNER_APPROVED,0,2026-09-15T00:00:00+08:00
product,3005999,cat2_zh,家居装饰,tm_v1_owner_rebase:751e37d33da8c596da95b792755176e406bba337d61c2d4e274094e065fd30d8,TM_V1_OWNER_APPROVED,0,2026-09-15T00:00:00+08:00
product,3005999,name_zh_standard,仿真垂吊植物,tm_v1_owner_approved:c04cb8bfbdd6969ae6be19c680d30bc54156a8ee920f253217d50330fcfcc1ae,TM_V1_OWNER_APPROVED,0,2026-09-15T00:00:00+08:00
product,3005999,spec_zh_standard,82cm｜多款可选,tm_v1_owner_approved:2ececf8d06ab0dade6034df923db6c02d93bb8f36836f1727827ca2f81e5373f,TM_V1_OWNER_APPROVED,0,2026-09-15T00:00:00+08:00
product,3006113,cat1_zh,食品饮料,tm_v1_owner_rebase:fa4e3c34644e93ae73fc9c0ea0abce52dc5fd5ddd17f8258704b079492361fb9,TM_V1_OWNER_APPROVED,0,2026-09-15T00:00:00+08:00
product,3006113,cat2_zh,糖果,tm_v1_owner_rebase:a119876cdc8098b202512ef22d340aae07ea6deece1808b004c4382e8b5c16b8,TM_V1_OWNER_APPROVED,0,2026-09-15T00:00:00+08:00
product,3006113,spec_zh_standard,170g,tm_v1_owner_approved:04e722fb8fc3c4871ec162daf5623315bdd831a85739ff03f69880e3ce6dcf04,TM_V1_OWNER_APPROVED,0,2026-09-15T00:00:00+08:00
product,3006121,cat1_zh,个人美容,tm_v1_owner_rebase:acdbf8e7956ccd5e33baeed5a4aea821ca2e1a02e59204d13add179b8dfb8ee1,TM_V1_OWNER_APPROVED,0,2026-09-15T00:00:00+08:00
product,3006121,cat2_zh,香水,tm_v1_owner_approved:87a894206af02582ef2e19fb263ad5520208d98d2852d53c7468d1b5903d6361,TM_V1_OWNER_APPROVED,0,2026-09-15T00:00:00+08:00
product,3006121,spec_zh_standard,250ml｜多款可选,tm_v1_owner_rebase:560c69aeec5a7cb927069e623ce1ba42e065a0c9e676c5c00b0891af520f651a,TM_V1_OWNER_APPROVED,0,2026-09-15T00:00:00+08:00
product,3006484,cat1_zh,个人美容,tm_v1_owner_rebase:acdbf8e7956ccd5e33baeed5a4aea821ca2e1a02e59204d13add179b8dfb8ee1,TM_V1_OWNER_APPROVED,0,2026-09-15T00:00:00+08:00
product,3006484,cat2_zh,彩妆,tm_v1_owner_rebase:c419656c22aef4892695ee30f685adec5c172944e897152e0a1d563a6f34228f,TM_V1_OWNER_APPROVED,0,2026-09-15T00:00:00+08:00
product,3006484,spec_zh_standard,30ml｜多种颜色,tm_v1_owner_approved:02e3332a10b32e455d868c13c322eb6053bf8ea9ed79946d11cac731431dfe6f,TM_V1_OWNER_APPROVED,0,2026-09-15T00:00:00+08:00
product,3006509,cat1_zh,个人美容,tm_v1_owner_rebase:acdbf8e7956ccd5e33baeed5a4aea821ca2e1a02e59204d13add179b8dfb8ee1,TM_V1_OWNER_APPROVED,0,2026-09-15T00:00:00+08:00
product,3006509,cat2_zh,香水,tm_v1_owner_rebase:87a894206af02582ef2e19fb263ad5520208d98d2852d53c7468d1b5903d6361,TM_V1_OWNER_APPROVED,0,2026-09-15T00:00:00+08:00
product,3006509,spec_zh_standard,50ml｜多款可选,tm_v1_owner_approved:9ace7f9f080e4d39f906078d55a90f947ca8132c09f1fa10ff9c0fef78f31ab3,TM_V1_OWNER_APPROVED,0,2026-09-15T00:00:00+08:00
product,3008471,cat1_zh,家居布置,tm_v1_owner_rebase:ab4aedfe7cb52b96fb49cd3980fd02673796cd6ddecdf3593087c6cc46d1d878,TM_V1_OWNER_APPROVED,0,2026-09-15T00:00:00+08:00
product,3008471,cat2_zh,浴室纺织,tm_v1_owner_rebase:5eba69ef3650490fd5876efdd62e37ee2e05513604921e47c74a6cab482b57ed,TM_V1_OWNER_APPROVED,0,2026-09-15T00:00:00+08:00
product,3008471,name_zh_standard,防滑浴室地垫,tm_v1_owner_approved:d32f2ccafaffea4bb11eb7f2f05f13d8d105b31dc5c8136c67a7c76e0cb08203,TM_V1_OWNER_APPROVED,0,2026-09-15T00:00:00+08:00
product,3008471,spec_zh_standard,50×50cm｜多款可选,tm_v1_owner_approved:c5f43282d9d9983dff83673af423252a7876f696aba096fad80fcf32802ea9bd,TM_V1_OWNER_APPROVED,0,2026-09-15T00:00:00+08:00
product,3008550,cat1_zh,个人美容,tm_v1_owner_rebase:acdbf8e7956ccd5e33baeed5a4aea821ca2e1a02e59204d13add179b8dfb8ee1,TM_V1_OWNER_APPROVED,0,2026-09-15T00:00:00+08:00
product,3008550,cat2_zh,口腔护理,tm_v1_owner_rebase:212c9f6404877bd05a495f47ad8dd850d4f621acf911b7f2b88cf67e28868542,TM_V1_OWNER_APPROVED,0,2026-09-15T00:00:00+08:00
product,3009822,cat1_zh,服饰鞋包,tm_v1_owner_rebase:67e594858dff5cd42304eff448e8f4d765882192432f94e62f1efc2e6704beea,TM_V1_OWNER_APPROVED,0,2026-09-15T00:00:00+08:00
product,3009822,cat2_zh,配饰,tm_v1_owner_rebase:d065d0b3e750ea8772e23f7dcb50fe8da670c688237fdfdbe322c198d3f895fb,TM_V1_OWNER_APPROVED,0,2026-09-15T00:00:00+08:00
product,3009822,spec_zh_standard,50×40×15cm,tm_v1_owner_approved:7af5e962d50fc3ce2abb1df159fd58e5535f58e33d820bcb2af7fe228c506800,TM_V1_OWNER_APPROVED,0,2026-09-15T00:00:00+08:00
product,3010416,cat1_zh,个人美容,tm_v1_owner_rebase:acdbf8e7956ccd5e33baeed5a4aea821ca2e1a02e59204d13add179b8dfb8ee1,TM_V1_OWNER_APPROVED,0,2026-09-15T00:00:00+08:00
product,3010416,cat2_zh,彩妆,tm_v1_owner_rebase:c419656c22aef4892695ee30f685adec5c172944e897152e0a1d563a6f34228f,TM_V1_OWNER_APPROVED,0,2026-09-15T00:00:00+08:00
product,3010416,name_zh_standard,化妆棉收纳盒,tm_v1_owner_approved:8da6cf824b9f5882c85812028be5c880ae58ed87c9f7007d141246ae3366557f,TM_V1_OWNER_APPROVED,0,2026-09-15T00:00:00+08:00
product,3010416,spec_zh_standard,约直径7×8.2cm,tm_v1_owner_approved:ccca58fe1ff076e14a28e735a74f1f6acb3a171518c5377b41afee1f62a1e581,TM_V1_OWNER_APPROVED,0,2026-09-15T00:00:00+08:00
product,3010555,cat1_zh,数码影音,tm_v1_owner_rebase:2577be03c43a66852ab79453a08095aa1368c258ba98c87a82573051c6078de8,TM_V1_OWNER_APPROVED,0,2026-09-15T00:00:00+08:00
product,3010555,cat2_zh,电子游戏,tm_v1_owner_approved:dc04b127666e4edecd4e63ebccf4bfddf117c1b3769cf8dae92076ae5d8b0f1b,TM_V1_OWNER_APPROVED,0,2026-09-15T00:00:00+08:00
product,3010555,spec_zh_standard,最大12英寸,tm_v1_owner_approved:8673e28e661d1af75d6e8f6dc5ff463d6a123644e47ad8fab71744b157f28731,TM_V1_OWNER_APPROVED,0,2026-09-15T00:00:00+08:00
product,3013156,cat2_zh,浴室配件,tm_v1_owner_rebase:96459847a96bb12f97ff00080ab46ce48d5786eb04b8b4a78471250125c15552,TM_V1_OWNER_APPROVED,0,2026-09-15T00:00:00+08:00
product,3013156,spec_zh_standard,33升｜多种颜色,tm_v1_owner_approved:21268878e75a810abe13ba31810c80772aa5ab2e9b2cc33d4422dab418c5beb7,TM_V1_OWNER_APPROVED,0,2026-09-15T00:00:00+08:00
product,3013455,cat1_zh,个人美容,tm_v1_owner_rebase:acdbf8e7956ccd5e33baeed5a4aea821ca2e1a02e59204d13add179b8dfb8ee1,TM_V1_OWNER_APPROVED,0,2026-09-15T00:00:00+08:00
product,3013455,cat2_zh,头发护理,tm_v1_owner_approved:1487821e630cbc432a31a83360590a333f4e9acd24b3cf40831bc399b3c06115,TM_V1_OWNER_APPROVED,0,2026-09-15T00:00:00+08:00
product,3013455,spec_zh_standard,多种类型,tm_v1_owner_approved:08bd4f1d2bade0c47bc3882c2700da51e9d4b60130869047dcbb332aec509a77,TM_V1_OWNER_APPROVED,0,2026-09-15T00:00:00+08:00
product,3015559,cat2_zh,家居装饰,tm_v1_owner_rebase:751e37d33da8c596da95b792755176e406bba337d61c2d4e274094e065fd30d8,TM_V1_OWNER_APPROVED,0,2026-09-15T00:00:00+08:00
product,3015559,name_zh_standard,毛绒收纳篮,tm_v1_owner_approved:7dfa7251bf30d554ed2f269f8ad9fe598e8f06d1bda10ee795145a9aeff0146e,TM_V1_OWNER_APPROVED,0,2026-09-15T00:00:00+08:00
product,3015559,spec_zh_standard,31×29×15cm｜多种颜色,tm_v1_owner_approved:57077cf127eb84a2b56beae63ec70fcde2fbd644403695ea4703764ad40a81bd,TM_V1_OWNER_APPROVED,0,2026-09-15T00:00:00+08:00
product,3016553,cat2_zh,家居装饰,tm_v1_owner_rebase:751e37d33da8c596da95b792755176e406bba337d61c2d4e274094e065fd30d8,TM_V1_OWNER_APPROVED,0,2026-09-15T00:00:00+08:00
product,3016553,name_zh_standard,带提手圆形收纳篮,tm_v1_owner_approved:c65b725d8d6e8fb83eac3f3ee2422622c032b4770ffcc095f6974d5112820277,TM_V1_OWNER_APPROVED,0,2026-09-15T00:00:00+08:00
product,3016553,spec_zh_standard,直径38×28cm｜多种颜色,tm_v1_owner_approved:ae1962f74d3d0fe49020c34b1a2f126e63043917a53158d47025ca4bb175a578,TM_V1_OWNER_APPROVED,0,2026-09-15T00:00:00+08:00
product,3016635,cat2_zh,家居装饰,tm_v1_owner_rebase:751e37d33da8c596da95b792755176e406bba337d61c2d4e274094e065fd30d8,TM_V1_OWNER_APPROVED,0,2026-09-15T00:00:00+08:00
product,3016635,name_zh_standard,收纳篮,tm_v1_owner_approved:cbd6a5d3aae32cc1d2a09078b8cb599214dc8cb28a1f1e469fc23a2fb8264098,TM_V1_OWNER_APPROVED,0,2026-09-15T00:00:00+08:00
product,3016635,spec_zh_standard,32×25×18.5cm｜多种颜色,tm_v1_owner_approved:b0f1ae201508db7a4543a1fb409d325c1ebdd4d1f63822545228c56addb5dfe0,TM_V1_OWNER_APPROVED,0,2026-09-15T00:00:00+08:00
product,3200648,cat1_zh,个人美容,tm_v1_owner_rebase:acdbf8e7956ccd5e33baeed5a4aea821ca2e1a02e59204d13add179b8dfb8ee1,TM_V1_OWNER_APPROVED,0,2026-09-15T00:00:00+08:00
product,3200648,cat2_zh,面部护理,tm_v1_owner_rebase:c0d29caaff6a25b4848b8865e00e311d3b90e8be686d68f8ce5b5f4db020f919,TM_V1_OWNER_APPROVED,0,2026-09-15T00:00:00+08:00
product,3200648,spec_zh_standard,多种颜色,tm_v1_owner_rebase:4fbb8dc2f949dab6254ea84c0ff401337940ef8a8a26538cf7f94ac5d6f5f3b8,TM_V1_OWNER_APPROVED,0,2026-09-15T00:00:00+08:00
product,3201808,cat2_zh,清洁产品,tm_v1_owner_rebase:a0b7162cf96cca9238b520108f225efabe067c47ee5d28a0216d45fe1f07c71b,TM_V1_OWNER_APPROVED,0,2026-09-15T00:00:00+08:00
product,3201808,spec_zh_standard,500g｜多款可选,tm_v1_owner_approved:47c02978218f38d7cdc1491ffde9f518e78da25558d01525ae5bb440a267ca19,TM_V1_OWNER_APPROVED,0,2026-09-15T00:00:00+08:00
product,3202056,cat1_zh,厨房餐具,tm_v1_owner_rebase:41f4ca6abe6c44e8534d63f174d6fd87a21062effe9961e2ea9307a27d4125c8,TM_V1_OWNER_APPROVED,0,2026-09-15T00:00:00+08:00
product,3202056,cat2_zh,厨房用具,tm_v1_owner_approved:5ce777521f79a32a577f1a87552e523eb33f66a82d471f2ecab2b9488581f588,TM_V1_OWNER_APPROVED,0,2026-09-15T00:00:00+08:00
product,3202056,spec_zh_standard,1.6L｜31×7.5×9cm,tm_v1_owner_approved:fc588ba61deeda0929cb6b660bbeed9c24ce9917c7d05501a6064c5dbced29d5,TM_V1_OWNER_APPROVED,0,2026-09-15T00:00:00+08:00
product,3202058,cat1_zh,厨房餐具,tm_v1_owner_rebase:41f4ca6abe6c44e8534d63f174d6fd87a21062effe9961e2ea9307a27d4125c8,TM_V1_OWNER_APPROVED,0,2026-09-15T00:00:00+08:00
product,3202058,cat2_zh,厨房用具,tm_v1_owner_rebase:5ce777521f79a32a577f1a87552e523eb33f66a82d471f2ecab2b9488581f588,TM_V1_OWNER_APPROVED,0,2026-09-15T00:00:00+08:00
product,3202058,spec_zh_standard,3.1L｜31×14×9cm,tm_v1_owner_approved:6f4b109e07266e63a501ec52e9f8d91880e4dfc9f0eb04752ea633b2fa5c5cfc,TM_V1_OWNER_APPROVED,0,2026-09-15T00:00:00+08:00
product,3202674,cat1_zh,厨房餐具,tm_v1_owner_rebase:41f4ca6abe6c44e8534d63f174d6fd87a21062effe9961e2ea9307a27d4125c8,TM_V1_OWNER_APPROVED,0,2026-09-15T00:00:00+08:00
product,3202674,cat2_zh,家居装饰,tm_v1_owner_rebase:751e37d33da8c596da95b792755176e406bba337d61c2d4e274094e065fd30d8,TM_V1_OWNER_APPROVED,0,2026-09-15T00:00:00+08:00
product,3202674,name_zh_standard,可折叠竹制托盘,tm_v1_owner_approved:9e796f6fe750d97432e1f6101ae5f9ac6612469c1df8d6b6e0d9701bdfce330d,TM_V1_OWNER_APPROVED,0,2026-09-15T00:00:00+08:00
product,3202674,spec_zh_standard,46×30cm,tm_v1_owner_approved:c58f2f4c6dc1328a2f314baf86f81c2364f62566554196b5df5aba43da51d7cd,TM_V1_OWNER_APPROVED,0,2026-09-15T00:00:00+08:00
product,3203554,cat1_zh,数码影音,tm_v1_owner_rebase:2577be03c43a66852ab79453a08095aa1368c258ba98c87a82573051c6078de8,TM_V1_OWNER_APPROVED,0,2026-09-15T00:00:00+08:00
product,3203554,cat2_zh,多媒体配件,tm_v1_owner_rebase:91ec9ea3a0e480c51393514af8824d6a44e626a89620bb6a29247952a8abc139,TM_V1_OWNER_APPROVED,0,2026-09-15T00:00:00+08:00
product,3204385,cat1_zh,数码影音,tm_v1_owner_rebase:2577be03c43a66852ab79453a08095aa1368c258ba98c87a82573051c6078de8,TM_V1_OWNER_APPROVED,0,2026-09-15T00:00:00+08:00
product,3204385,cat2_zh,汽车用品,tm_v1_owner_approved:c35dc0be95ebdf64028351e0a6511d102bf8a5fe53dbe5bd2b0976e99215f532,TM_V1_OWNER_APPROVED,0,2026-09-15T00:00:00+08:00
product,3204539,cat2_zh,清洁产品,tm_v1_owner_rebase:a0b7162cf96cca9238b520108f225efabe067c47ee5d28a0216d45fe1f07c71b,TM_V1_OWNER_APPROVED,0,2026-09-15T00:00:00+08:00
product,3204739,cat1_zh,个人美容,tm_v1_owner_rebase:acdbf8e7956ccd5e33baeed5a4aea821ca2e1a02e59204d13add179b8dfb8ee1,TM_V1_OWNER_APPROVED,0,2026-09-15T00:00:00+08:00
product,3204739,cat2_zh,面部护理,tm_v1_owner_rebase:c0d29caaff6a25b4848b8865e00e311d3b90e8be686d68f8ce5b5f4db020f919,TM_V1_OWNER_APPROVED,0,2026-09-15T00:00:00+08:00
product,3204739,spec_zh_standard,200ml｜多款可选,tm_v1_owner_approved:974ab678fa9adeae310cea7f01472922f99dcf24182816d835919e48d97109d0,TM_V1_OWNER_APPROVED,0,2026-09-15T00:00:00+08:00
product,3205581,cat1_zh,个人美容,tm_v1_owner_rebase:acdbf8e7956ccd5e33baeed5a4aea821ca2e1a02e59204d13add179b8dfb8ee1,TM_V1_OWNER_APPROVED,0,2026-09-15T00:00:00+08:00
product,3205581,cat2_zh,彩妆,tm_v1_owner_rebase:c419656c22aef4892695ee30f685adec5c172944e897152e0a1d563a6f34228f,TM_V1_OWNER_APPROVED,0,2026-09-15T00:00:00+08:00
product,3205581,name_zh_standard,带配件化妆品收纳盒,tm_v1_owner_approved:177cba514291d5eeaaa406a6fb77c0afa6555b34366fa74d186c56561f4211ec,TM_V1_OWNER_APPROVED,0,2026-09-15T00:00:00+08:00
product,3206412,cat1_zh,厨房餐具,tm_v1_owner_rebase:41f4ca6abe6c44e8534d63f174d6fd87a21062effe9961e2ea9307a27d4125c8,TM_V1_OWNER_APPROVED,0,2026-09-15T00:00:00+08:00
product,3206412,cat2_zh,厨房用具,tm_v1_owner_rebase:5ce777521f79a32a577f1a87552e523eb33f66a82d471f2ecab2b9488581f588,TM_V1_OWNER_APPROVED,0,2026-09-15T00:00:00+08:00
product,3206412,name_zh_standard,刨丝器（带收集盘）,tm_v1_owner_approved:496db94fd0f0c69ecde29e28edbf619fbca418eec9f295752d0882909a413bea,TM_V1_OWNER_APPROVED,0,2026-09-15T00:00:00+08:00
product,3206415,name_zh_standard,圣诞模具,GLOBAL_DICTIONARY_TRANSLATION_RESIDUAL_REPAIR,GPT_MODEL_TRANSLATION_2026-09-15,0,2026-09-15T16:48:06+08:00
product,3206438,cat1_zh,家居布置,tm_v1_owner_rebase:ab4aedfe7cb52b96fb49cd3980fd02673796cd6ddecdf3593087c6cc46d1d878,TM_V1_OWNER_APPROVED,0,2026-09-15T00:00:00+08:00
product,3206438,cat2_zh,靠垫,tm_v1_owner_approved:70ce9523135c75faa5ba086ab65684ca2d7985114152298a76fe6861a6fa19d1,TM_V1_OWNER_APPROVED,0,2026-09-15T00:00:00+08:00
product,3206438,spec_zh_standard,45×45cm｜多种颜色,tm_v1_owner_approved:553e786136032db51186a6b06b1afed2fbd0c3dc2616aa7aaeab14c18b07a787,TM_V1_OWNER_APPROVED,0,2026-09-15T00:00:00+08:00
product,3206926,cat1_zh,厨房餐具,tm_v1_owner_rebase:41f4ca6abe6c44e8534d63f174d6fd87a21062effe9961e2ea9307a27d4125c8,TM_V1_OWNER_APPROVED,0,2026-09-15T00:00:00+08:00
product,3206926,cat2_zh,家居装饰,tm_v1_owner_rebase:751e37d33da8c596da95b792755176e406bba337d61c2d4e274094e065fd30d8,TM_V1_OWNER_APPROVED,0,2026-09-15T00:00:00+08:00
product,3206926,name_zh_standard,金属托盘,tm_v1_owner_approved:e14898b79bbc42cc547d7b90aea10a90e9a25453e3462a37fc1df700312230ab,TM_V1_OWNER_APPROVED,0,2026-09-15T00:00:00+08:00
product,3206926,spec_zh_standard,Ø 34cm,tm_v1_owner_approved:f549f997e80ee0567b0f487e70df9e9cfe10184ed8bde293461c1d500b3940d6,TM_V1_OWNER_APPROVED,0,2026-09-15T00:00:00+08:00
product,3206986,cat1_zh,厨房餐具,tm_v1_owner_rebase:41f4ca6abe6c44e8534d63f174d6fd87a21062effe9961e2ea9307a27d4125c8,TM_V1_OWNER_APPROVED,0,2026-09-15T00:00:00+08:00
product,3206986,cat2_zh,餐具,tm_v1_owner_approved:4b4d757aa96c2a6a4daf3552095abc7cae419b05dcb03523022fa22f38da9c57,TM_V1_OWNER_APPROVED,0,2026-09-15T00:00:00+08:00
product,3206986,name_zh_standard,3D杯子,tm_v1_owner_approved:eea7065ad39b7635dbc4c24567396d62651e2f630e2bfc3f473226443f992def,TM_V1_OWNER_APPROVED,0,2026-09-15T00:00:00+08:00
product,3206986,spec_zh_standard,300ml｜多款可选,tm_v1_owner_rebase:f71263bd86ad5f11f33fe8187c75364b98d0bc8974f85b66df3b3b8974cdce56,TM_V1_OWNER_APPROVED,0,2026-09-15T00:00:00+08:00
product,3208050,cat2_zh,浴室配件,tm_v1_owner_rebase:96459847a96bb12f97ff00080ab46ce48d5786eb04b8b4a78471250125c15552,TM_V1_OWNER_APPROVED,0,2026-09-15T00:00:00+08:00
product,3208050,spec_zh_standard,35L｜39×39×36.5cm｜多种颜色,tm_v1_owner_approved:55748184a1c58046365f7d32d6f0cf3b705596b8c455a426f178461817083097,TM_V1_OWNER_APPROVED,0,2026-09-15T00:00:00+08:00
product,3208066,cat1_zh,DIY五金,tm_v1_owner_rebase:9b5b7640a1fb4c473c0ca70dfebed09ac793e0a031da139380c04d6fcf6219a9,TM_V1_OWNER_APPROVED,0,2026-09-15T00:00:00+08:00
product,3208066,cat2_zh,涂料配件,tm_v1_owner_rebase:b9d86781a90ee7640b4ac6fc999327b4f25a0157b3e82cd754ae9ea179ecb2c0,TM_V1_OWNER_APPROVED,0,2026-09-15T00:00:00+08:00
product,3208066,spec_zh_standard,1250ml,tm_v1_owner_approved:e6e4c2178bc84759ad55c9076fe531a86326cc2099684d9340f27cfeeabd9f25,TM_V1_OWNER_APPROVED,0,2026-09-15T00:00:00+08:00
product,3208415,cat1_zh,个人美容,tm_v1_owner_rebase:acdbf8e7956ccd5e33baeed5a4aea821ca2e1a02e59204d13add179b8dfb8ee1,TM_V1_OWNER_APPROVED,0,2026-09-15T00:00:00+08:00
product,3208415,cat2_zh,彩妆,tm_v1_owner_rebase:c419656c22aef4892695ee30f685adec5c172944e897152e0a1d563a6f34228f,TM_V1_OWNER_APPROVED,0,2026-09-15T00:00:00+08:00
product,3208776,cat1_zh,兴趣手作,tm_v1_owner_approved:bf2a0cc3caf9e1db6adbfbf7aa09f3e52e83fd7718a1a9232da9d41d67c07007,TM_V1_OWNER_APPROVED,0,2026-09-15T00:00:00+08:00
product,3208776,cat2_zh,派对用品,tm_v1_owner_approved:7a7c7e8f65e49e5ee7e541921d23ccd7f1ed1a539309b6aa3b4ed9a4b40abd06,TM_V1_OWNER_APPROVED,0,2026-09-15T00:00:00+08:00
product,3208907,cat1_zh,厨房餐具,tm_v1_owner_rebase:41f4ca6abe6c44e8534d63f174d6fd87a21062effe9961e2ea9307a27d4125c8,TM_V1_OWNER_APPROVED,0,2026-09-15T00:00:00+08:00
product,3208907,spec_zh_standard,34×24.5cm｜多种颜色,tm_v1_owner_approved:07b60b743a6519edebd891f8cd650ed9bb837250d90bc39465aac5354f38c946,TM_V1_OWNER_APPROVED,0,2026-09-15T00:00:00+08:00
product,3209037,cat1_zh,办公文具,tm_v1_owner_approved:a73d0084d4783ab19f997d5aad01fd43572e5b218502366024dbf4ce31463048,TM_V1_OWNER_APPROVED,0,2026-09-15T00:00:00+08:00
product,3209037,cat2_zh,办公配件,tm_v1_owner_approved:562c8ebce79415426c49476a055c2259c61aed0b63bd047640b32da1402dea60,TM_V1_OWNER_APPROVED,0,2026-09-15T00:00:00+08:00
product,3209037,name_zh_standard,桌面收纳盒,tm_v1_owner_approved:7246357ba27fe40233730f0eec12b4a819ad229b18a1ddb53476320c069b457e,TM_V1_OWNER_APPROVED,0,2026-09-15T00:00:00+08:00
product,3209037,spec_zh_standard,19.5×13×21cm,tm_v1_owner_approved:acabcb0cccd2141cc395a6c66c8c8e2a94e0dac90dda14b4407792ec3e437e54,TM_V1_OWNER_APPROVED,0,2026-09-15T00:00:00+08:00
product,3209242,cat1_zh,兴趣手作,tm_v1_owner_rebase:bf2a0cc3caf9e1db6adbfbf7aa09f3e52e83fd7718a1a9232da9d41d67c07007,TM_V1_OWNER_APPROVED,0,2026-09-15T00:00:00+08:00
product,3209242,cat2_zh,派对用品,tm_v1_owner_rebase:7a7c7e8f65e49e5ee7e541921d23ccd7f1ed1a539309b6aa3b4ed9a4b40abd06,TM_V1_OWNER_APPROVED,0,2026-09-15T00:00:00+08:00
product,3209242,name_zh_standard,礼品袋,tm_v1_owner_approved:8d863829b5fa179d0dde01996c2c1dbc186afce95fb0a8c8f38a8a9c7959b9a4,TM_V1_OWNER_APPROVED,0,2026-09-15T00:00:00+08:00
product,3209242,spec_zh_standard,38×37.5cm｜多款可选,tm_v1_owner_approved:4ecfb6188d6b9a573b9e4c4fb067b9f9d90037303bf846b9683bcd78c7bb5eb2,TM_V1_OWNER_APPROVED,0,2026-09-15T00:00:00+08:00
product,3209248,cat1_zh,兴趣手作,tm_v1_owner_rebase:bf2a0cc3caf9e1db6adbfbf7aa09f3e52e83fd7718a1a9232da9d41d67c07007,TM_V1_OWNER_APPROVED,0,2026-09-15T00:00:00+08:00
product,3209248,cat2_zh,派对用品,tm_v1_owner_rebase:7a7c7e8f65e49e5ee7e541921d23ccd7f1ed1a539309b6aa3b4ed9a4b40abd06,TM_V1_OWNER_APPROVED,0,2026-09-15T00:00:00+08:00
product,3209248,spec_zh_standard,25×30cm｜多款可选,tm_v1_owner_approved:61f5651a3d20659fa422021685ecfe739a241f3fae8063ad75273320fd72cf45,TM_V1_OWNER_APPROVED,0,2026-09-15T00:00:00+08:00
product,3209967,cat1_zh,家居布置,tm_v1_owner_rebase:ab4aedfe7cb52b96fb49cd3980fd02673796cd6ddecdf3593087c6cc46d1d878,TM_V1_OWNER_APPROVED,0,2026-09-15T00:00:00+08:00
product,3209967,cat2_zh,浴室配件,tm_v1_owner_rebase:96459847a96bb12f97ff00080ab46ce48d5786eb04b8b4a78471250125c15552,TM_V1_OWNER_APPROVED,0,2026-09-15T00:00:00+08:00
product,3209967,name_zh_standard,带底座马桶刷,tm_v1_owner_approved:8e32f8de60dba5289267ce5ebe0fb453a41c946789f06d64b42d024732f24f79,TM_V1_OWNER_APPROVED,0,2026-09-15T00:00:00+08:00
product,3209967,spec_zh_standard,直径9×36cm｜多种颜色,tm_v1_owner_approved:0fe02457cb5a10e9b08a9d6cb7f9131994493b7da66e92502c4549607f15d757,TM_V1_OWNER_APPROVED,0,2026-09-15T00:00:00+08:00
product,3210083,cat1_zh,DIY五金,tm_v1_owner_rebase:9b5b7640a1fb4c473c0ca70dfebed09ac793e0a031da139380c04d6fcf6219a9,TM_V1_OWNER_APPROVED,0,2026-09-15T00:00:00+08:00
product,3210083,cat2_zh,涂料配件,tm_v1_owner_rebase:b9d86781a90ee7640b4ac6fc999327b4f25a0157b3e82cd754ae9ea179ecb2c0,TM_V1_OWNER_APPROVED,0,2026-09-15T00:00:00+08:00
product,3210083,spec_zh_standard,37×32×6cm,tm_v1_owner_approved:d5a2751883105d5ec663a12473ea5129b0d9819c618e696ff9db02d879d2f81c,TM_V1_OWNER_APPROVED,0,2026-09-15T00:00:00+08:00
product,3218163,cat2_zh,浴室配件,tm_v1_owner_rebase:96459847a96bb12f97ff00080ab46ce48d5786eb04b8b4a78471250125c15552,TM_V1_OWNER_APPROVED,0,2026-09-15T00:00:00+08:00
product,3218163,spec_zh_standard,57L｜45×34×61cm｜多色可选,GLOBAL_DICTIONARY_TRANSLATION_RESIDUAL_REPAIR,GPT_MODEL_TRANSLATION_2026-09-15,0,2026-09-15T16:48:06+08:00
product,3218280,name_zh_standard,可动腿,tm_v1_owner_approved:8c6ecfce3eb57c5fab9a33ddc4b9b5493e4b9f80aa938297c3610e1898a838a8,TM_V1_OWNER_APPROVED,0,2026-09-15T00:00:00+08:00
product,3218280,spec_zh_standard,17×16×35cm｜多款可选,tm_v1_owner_approved:f1c17bab934c5b7b3d279a8eafa38bd386cd26794c0b8f0a331fe6e8e20796c5,TM_V1_OWNER_APPROVED,0,2026-09-15T00:00:00+08:00
product,3218317,name_zh_standard,旋转圣诞LED装饰,GLOBAL_DICTIONARY_TRANSLATION_RESIDUAL_REPAIR,GPT_MODEL_TRANSLATION_2026-09-15,0,2026-09-15T16:48:06+08:00
product,3224259,cat2_zh,宠物用品,tm_v1_owner_approved:7378851247dc53aea5131b75e39b28612736ea996df5b2792e68921cf2222738,TM_V1_OWNER_APPROVED,0,2026-09-15T00:00:00+08:00
product,3224259,spec_zh_standard,多色可选,GLOBAL_DICTIONARY_TRANSLATION_RESIDUAL_REPAIR,GPT_MODEL_TRANSLATION_2026-09-15,0,2026-09-15T16:48:06+08:00
product,3224285,spec_zh_standard,100g｜多色可选,GLOBAL_DICTIONARY_TRANSLATION_RESIDUAL_REPAIR,GPT_MODEL_TRANSLATION_2026-09-15,0,2026-09-15T16:48:06+08:00
product,3224717,name_zh_standard,玩具披萨套装,GLOBAL_DICTIONARY_TRANSLATION_RESIDUAL_REPAIR,GPT_MODEL_TRANSLATION_2026-09-15,0,2026-09-15T16:48:06+08:00
product,3224781,spec_zh_standard,15×22g,GLOBAL_DICTIONARY_TRANSLATION_RESIDUAL_REPAIR,GPT_MODEL_TRANSLATION_2026-09-15,0,2026-09-15T16:48:06+08:00
product,3224788,spec_zh_standard,55×29.5×78cm,GLOBAL_DICTIONARY_TRANSLATION_RESIDUAL_REPAIR,GPT_MODEL_TRANSLATION_2026-09-15,0,2026-09-15T16:48:06+08:00
product,3225392,name_zh_standard,杯子蛋糕装饰套装,GLOBAL_DICTIONARY_TRANSLATION_RESIDUAL_REPAIR,GPT_MODEL_TRANSLATION_2026-09-15,0,2026-09-15T16:48:06+08:00
product,1815165,name_zh_standard,圣诞球挂钩,GLOBAL_DICTIONARY_TRANSLATION_RESIDUAL_REPAIR,GPT_MODEL_TRANSLATION_2026-09-15,0,2026-09-15T16:48:06+08:00
product,1815165,spec_zh_standard,50件,GLOBAL_DICTIONARY_TRANSLATION_RESIDUAL_REPAIR,GPT_MODEL_TRANSLATION_2026-09-15,0,2026-09-15T16:48:06+08:00
product,2513777,name_zh_standard,水泵钳,GLOBAL_DICTIONARY_TRANSLATION_RESIDUAL_REPAIR,GPT_MODEL_TRANSLATION_2026-09-15,0,2026-09-15T16:48:06+08:00
product,2513777,spec_zh_standard,245mm,GLOBAL_DICTIONARY_TRANSLATION_RESIDUAL_REPAIR,GPT_MODEL_TRANSLATION_2026-09-15,0,2026-09-15T16:48:06+08:00
product,2517861,name_zh_standard,熨衣板,GLOBAL_DICTIONARY_TRANSLATION_RESIDUAL_REPAIR,GPT_MODEL_TRANSLATION_2026-09-15,0,2026-09-15T16:48:06+08:00
product,2517861,spec_zh_standard,110×30cm｜多款可选,GLOBAL_DICTIONARY_TRANSLATION_RESIDUAL_REPAIR,GPT_MODEL_TRANSLATION_2026-09-15,0,2026-09-15T16:48:06+08:00
product,2531687,name_zh_standard,圣诞窗贴,GLOBAL_DICTIONARY_TRANSLATION_RESIDUAL_REPAIR,GPT_MODEL_TRANSLATION_2026-09-15,0,2026-09-15T16:48:06+08:00
product,2531687,spec_zh_standard,多款可选,GLOBAL_DICTIONARY_TRANSLATION_RESIDUAL_REPAIR,GPT_MODEL_TRANSLATION_2026-09-15,0,2026-09-15T16:48:06+08:00
product,2531879,name_zh_standard,餐巾纸,GLOBAL_DICTIONARY_TRANSLATION_RESIDUAL_REPAIR,GPT_MODEL_TRANSLATION_2026-09-15,0,2026-09-15T16:48:06+08:00
product,2531879,spec_zh_standard,20张｜多款可选,GLOBAL_DICTIONARY_TRANSLATION_RESIDUAL_REPAIR,GPT_MODEL_TRANSLATION_2026-09-15,0,2026-09-15T16:48:06+08:00
product,2546447,spec_zh_standard,250ml,GLOBAL_DICTIONARY_TRANSLATION_RESIDUAL_REPAIR,GPT_MODEL_TRANSLATION_2026-09-15,0,2026-09-15T16:48:06+08:00
product,2555053,name_zh_standard,圣诞窗贴,GLOBAL_DICTIONARY_TRANSLATION_RESIDUAL_REPAIR,GPT_MODEL_TRANSLATION_2026-09-15,0,2026-09-15T16:48:06+08:00
product,2555053,spec_zh_standard,多款可选,GLOBAL_DICTIONARY_TRANSLATION_RESIDUAL_REPAIR,GPT_MODEL_TRANSLATION_2026-09-15,0,2026-09-15T16:48:06+08:00
product,2556239,name_zh_standard,圣诞毛衣,GLOBAL_DICTIONARY_TRANSLATION_RESIDUAL_REPAIR,GPT_MODEL_TRANSLATION_2026-09-15,0,2026-09-15T16:48:06+08:00
product,2556239,spec_zh_standard,S-XL｜多款可选,GLOBAL_DICTIONARY_TRANSLATION_RESIDUAL_REPAIR,GPT_MODEL_TRANSLATION_2026-09-15,0,2026-09-15T16:48:06+08:00
product,2563856,name_zh_standard,棉花糖,GLOBAL_DICTIONARY_TRANSLATION_RESIDUAL_REPAIR,GPT_MODEL_TRANSLATION_2026-09-15,0,2026-09-15T16:48:06+08:00
product,2563856,spec_zh_standard,300g,GLOBAL_DICTIONARY_TRANSLATION_RESIDUAL_REPAIR,GPT_MODEL_TRANSLATION_2026-09-15,0,2026-09-15T16:48:06+08:00
product,2568247,name_zh_standard,保暖运动裤,GLOBAL_DICTIONARY_TRANSLATION_RESIDUAL_REPAIR,GPT_MODEL_TRANSLATION_2026-09-15,0,2026-09-15T16:48:06+08:00
product,2568247,spec_zh_standard,S-XL,GLOBAL_DICTIONARY_TRANSLATION_RESIDUAL_REPAIR,GPT_MODEL_TRANSLATION_2026-09-15,0,2026-09-15T16:48:06+08:00
product,2577121,name_zh_standard,动作人偶,GLOBAL_DICTIONARY_TRANSLATION_RESIDUAL_REPAIR,GPT_MODEL_TRANSLATION_2026-09-15,0,2026-09-15T16:48:06+08:00
product,2577121,spec_zh_standard,多款可选,GLOBAL_DICTIONARY_TRANSLATION_RESIDUAL_REPAIR,GPT_MODEL_TRANSLATION_2026-09-15,0,2026-09-15T16:48:06+08:00
product,2579920,name_zh_standard,购物袋,GLOBAL_DICTIONARY_TRANSLATION_RESIDUAL_REPAIR,GPT_MODEL_TRANSLATION_2026-09-15,0,2026-09-15T16:48:06+08:00
product,2579920,spec_zh_standard,45×45×17cm,GLOBAL_DICTIONARY_TRANSLATION_RESIDUAL_REPAIR,GPT_MODEL_TRANSLATION_2026-09-15,0,2026-09-15T16:48:06+08:00
product,3002932,name_zh_standard,牛肉味方便面,GLOBAL_DICTIONARY_TRANSLATION_RESIDUAL_REPAIR,GPT_MODEL_TRANSLATION_2026-09-15,0,2026-09-15T16:48:06+08:00
product,3002932,spec_zh_standard,5×65g,GLOBAL_DICTIONARY_TRANSLATION_RESIDUAL_REPAIR,GPT_MODEL_TRANSLATION_2026-09-15,0,2026-09-15T16:48:06+08:00
product,3002933,name_zh_standard,鸡肉味方便面,GLOBAL_DICTIONARY_TRANSLATION_RESIDUAL_REPAIR,GPT_MODEL_TRANSLATION_2026-09-15,0,2026-09-15T16:48:06+08:00
product,3002933,spec_zh_standard,5×65g,GLOBAL_DICTIONARY_TRANSLATION_RESIDUAL_REPAIR,GPT_MODEL_TRANSLATION_2026-09-15,0,2026-09-15T16:48:06+08:00
product,3003698,name_zh_standard,-10°C挡风玻璃清洗防冻液,GLOBAL_DICTIONARY_TRANSLATION_RESIDUAL_REPAIR,GPT_MODEL_TRANSLATION_2026-09-15,0,2026-09-15T16:48:06+08:00
product,3003698,spec_zh_standard,5L,GLOBAL_DICTIONARY_TRANSLATION_RESIDUAL_REPAIR,GPT_MODEL_TRANSLATION_2026-09-15,0,2026-09-15T16:48:06+08:00
product,3006866,name_zh_standard,圣诞丝带,GLOBAL_DICTIONARY_TRANSLATION_RESIDUAL_REPAIR,GPT_MODEL_TRANSLATION_2026-09-15,0,2026-09-15T16:48:06+08:00
product,3006866,spec_zh_standard,6×2m｜多款可选,GLOBAL_DICTIONARY_TRANSLATION_RESIDUAL_REPAIR,GPT_MODEL_TRANSLATION_2026-09-15,0,2026-09-15T16:48:06+08:00
product,3010631,name_zh_standard,女性私密湿巾,GLOBAL_DICTIONARY_TRANSLATION_RESIDUAL_REPAIR,GPT_MODEL_TRANSLATION_2026-09-15,0,2026-09-15T16:48:06+08:00
product,3010631,spec_zh_standard,20片,GLOBAL_DICTIONARY_TRANSLATION_RESIDUAL_REPAIR,GPT_MODEL_TRANSLATION_2026-09-15,0,2026-09-15T16:48:06+08:00
product,3016266,name_zh_standard,煎锅套装,GLOBAL_DICTIONARY_TRANSLATION_RESIDUAL_REPAIR,GPT_MODEL_TRANSLATION_2026-09-15,0,2026-09-15T16:48:06+08:00
product,3016266,spec_zh_standard,3件,GLOBAL_DICTIONARY_TRANSLATION_RESIDUAL_REPAIR,GPT_MODEL_TRANSLATION_2026-09-15,0,2026-09-15T16:48:06+08:00
product,3016777,name_zh_standard,XL餐盘,GLOBAL_DICTIONARY_TRANSLATION_RESIDUAL_REPAIR,GPT_MODEL_TRANSLATION_2026-09-15,0,2026-09-15T16:48:06+08:00
product,3016777,spec_zh_standard,88×23×3.5cm,GLOBAL_DICTIONARY_TRANSLATION_RESIDUAL_REPAIR,GPT_MODEL_TRANSLATION_2026-09-15,0,2026-09-15T16:48:06+08:00
product,3017022,name_zh_standard,狗狗玩具,GLOBAL_DICTIONARY_TRANSLATION_RESIDUAL_REPAIR,GPT_MODEL_TRANSLATION_2026-09-15,0,2026-09-15T16:48:06+08:00
product,3017022,spec_zh_standard,多款可选,GLOBAL_DICTIONARY_TRANSLATION_RESIDUAL_REPAIR,GPT_MODEL_TRANSLATION_2026-09-15,0,2026-09-15T16:48:06+08:00
product,3205642,name_zh_standard,编织收纳篮,GLOBAL_DICTIONARY_TRANSLATION_RESIDUAL_REPAIR,GPT_MODEL_TRANSLATION_2026-09-15,0,2026-09-15T16:48:06+08:00
product,3205642,spec_zh_standard,3L｜25×17×14cm｜多色可选,GLOBAL_DICTIONARY_TRANSLATION_RESIDUAL_REPAIR,GPT_MODEL_TRANSLATION_2026-09-15,0,2026-09-15T16:48:06+08:00
product,3205643,name_zh_standard,编织收纳篮,GLOBAL_DICTIONARY_TRANSLATION_RESIDUAL_REPAIR,GPT_MODEL_TRANSLATION_2026-09-15,0,2026-09-15T16:48:06+08:00
product,3205643,spec_zh_standard,19L｜39×29×24cm｜多色可选,GLOBAL_DICTIONARY_TRANSLATION_RESIDUAL_REPAIR,GPT_MODEL_TRANSLATION_2026-09-15,0,2026-09-15T16:48:06+08:00
product,3205644,name_zh_standard,编织收纳篮,GLOBAL_DICTIONARY_TRANSLATION_RESIDUAL_REPAIR,GPT_MODEL_TRANSLATION_2026-09-15,0,2026-09-15T16:48:06+08:00
product,3205644,spec_zh_standard,9L｜29×22×17cm｜多色可选,GLOBAL_DICTIONARY_TRANSLATION_RESIDUAL_REPAIR,GPT_MODEL_TRANSLATION_2026-09-15,0,2026-09-15T16:48:06+08:00
product,3205907,name_zh_standard,指纹解锁保险箱,GLOBAL_DICTIONARY_TRANSLATION_RESIDUAL_REPAIR,GPT_MODEL_TRANSLATION_2026-09-15,0,2026-09-15T16:48:06+08:00
product,3205907,spec_zh_standard,多款可选,GLOBAL_DICTIONARY_TRANSLATION_RESIDUAL_REPAIR,GPT_MODEL_TRANSLATION_2026-09-15,0,2026-09-15T16:48:06+08:00
product,3206414,name_zh_standard,便携咖啡杯,GLOBAL_DICTIONARY_TRANSLATION_RESIDUAL_REPAIR,GPT_MODEL_TRANSLATION_2026-09-15,0,2026-09-15T16:48:06+08:00
product,3206414,spec_zh_standard,400ml｜多色可选,GLOBAL_DICTIONARY_TRANSLATION_RESIDUAL_REPAIR,GPT_MODEL_TRANSLATION_2026-09-15,0,2026-09-15T16:48:06+08:00
product,3206668,name_zh_standard,狗狗零食棒,GLOBAL_DICTIONARY_TRANSLATION_RESIDUAL_REPAIR,GPT_MODEL_TRANSLATION_2026-09-15,0,2026-09-15T16:48:06+08:00
product,3206668,spec_zh_standard,350g｜鸭肉,GLOBAL_DICTIONARY_TRANSLATION_RESIDUAL_REPAIR,GPT_MODEL_TRANSLATION_2026-09-15,0,2026-09-15T16:48:06+08:00
product,3206733,name_zh_standard,声光圣诞装饰,GLOBAL_DICTIONARY_TRANSLATION_RESIDUAL_REPAIR,GPT_MODEL_TRANSLATION_2026-09-15,0,2026-09-15T16:48:06+08:00
product,3206733,spec_zh_standard,多款可选,GLOBAL_DICTIONARY_TRANSLATION_RESIDUAL_REPAIR,GPT_MODEL_TRANSLATION_2026-09-15,0,2026-09-15T16:48:06+08:00
product,3207052,name_zh_standard,动物玩具,GLOBAL_DICTIONARY_TRANSLATION_RESIDUAL_REPAIR,GPT_MODEL_TRANSLATION_2026-09-15,0,2026-09-15T16:48:06+08:00
product,3207052,spec_zh_standard,多款可选,GLOBAL_DICTIONARY_TRANSLATION_RESIDUAL_REPAIR,GPT_MODEL_TRANSLATION_2026-09-15,0,2026-09-15T16:48:06+08:00
product,3207114,name_zh_standard,汽车挡风玻璃隔热罩,GLOBAL_DICTIONARY_TRANSLATION_RESIDUAL_REPAIR,GPT_MODEL_TRANSLATION_2026-09-15,0,2026-09-15T16:48:06+08:00
product,3207114,spec_zh_standard,145×100cm,GLOBAL_DICTIONARY_TRANSLATION_RESIDUAL_REPAIR,GPT_MODEL_TRANSLATION_2026-09-15,0,2026-09-15T16:48:06+08:00
product,3207470,name_zh_standard,厨房计时器,GLOBAL_DICTIONARY_TRANSLATION_RESIDUAL_REPAIR,GPT_MODEL_TRANSLATION_2026-09-15,0,2026-09-15T16:48:06+08:00
product,3207470,spec_zh_standard,多色可选,GLOBAL_DICTIONARY_TRANSLATION_RESIDUAL_REPAIR,GPT_MODEL_TRANSLATION_2026-09-15,0,2026-09-15T16:48:06+08:00
product,3207550,name_zh_standard,奶泡器,GLOBAL_DICTIONARY_TRANSLATION_RESIDUAL_REPAIR,GPT_MODEL_TRANSLATION_2026-09-15,0,2026-09-15T16:48:06+08:00
product,3207550,spec_zh_standard,500W｜多色可选,GLOBAL_DICTIONARY_TRANSLATION_RESIDUAL_REPAIR,GPT_MODEL_TRANSLATION_2026-09-15,0,2026-09-15T16:48:06+08:00
product,3207818,name_zh_standard,玻璃切割垫,GLOBAL_DICTIONARY_TRANSLATION_RESIDUAL_REPAIR,GPT_MODEL_TRANSLATION_2026-09-15,0,2026-09-15T16:48:06+08:00
product,3207818,spec_zh_standard,42×32cm,GLOBAL_DICTIONARY_TRANSLATION_RESIDUAL_REPAIR,GPT_MODEL_TRANSLATION_2026-09-15,0,2026-09-15T16:48:06+08:00
product,3207985,name_zh_standard,屏幕保护膜,GLOBAL_DICTIONARY_TRANSLATION_RESIDUAL_REPAIR,GPT_MODEL_TRANSLATION_2026-09-15,0,2026-09-15T16:48:06+08:00
product,3207985,spec_zh_standard,3片｜适用于Samsung｜多款可选,GLOBAL_DICTIONARY_TRANSLATION_RESIDUAL_REPAIR,GPT_MODEL_TRANSLATION_2026-09-15,0,2026-09-15T16:48:06+08:00
product,3208309,name_zh_standard,抽屉式收纳盒,GLOBAL_DICTIONARY_TRANSLATION_RESIDUAL_REPAIR,GPT_MODEL_TRANSLATION_2026-09-15,0,2026-09-15T16:48:06+08:00
product,3208309,spec_zh_standard,18×13×5cm,GLOBAL_DICTIONARY_TRANSLATION_RESIDUAL_REPAIR,GPT_MODEL_TRANSLATION_2026-09-15,0,2026-09-15T16:48:06+08:00
product,3208310,name_zh_standard,抽屉式收纳盒,GLOBAL_DICTIONARY_TRANSLATION_RESIDUAL_REPAIR,GPT_MODEL_TRANSLATION_2026-09-15,0,2026-09-15T16:48:06+08:00
product,3208310,spec_zh_standard,18×13×10cm,GLOBAL_DICTIONARY_TRANSLATION_RESIDUAL_REPAIR,GPT_MODEL_TRANSLATION_2026-09-15,0,2026-09-15T16:48:06+08:00
product,3208913,name_zh_standard,玻璃杯,GLOBAL_DICTIONARY_TRANSLATION_RESIDUAL_REPAIR,GPT_MODEL_TRANSLATION_2026-09-15,0,2026-09-15T16:48:06+08:00
product,3208913,spec_zh_standard,320ml,GLOBAL_DICTIONARY_TRANSLATION_RESIDUAL_REPAIR,GPT_MODEL_TRANSLATION_2026-09-15,0,2026-09-15T16:48:06+08:00
product,3209484,name_zh_standard,防滑宠物食碗,GLOBAL_DICTIONARY_TRANSLATION_RESIDUAL_REPAIR,GPT_MODEL_TRANSLATION_2026-09-15,0,2026-09-15T16:48:06+08:00
product,3209484,spec_zh_standard,多色可选,GLOBAL_DICTIONARY_TRANSLATION_RESIDUAL_REPAIR,GPT_MODEL_TRANSLATION_2026-09-15,0,2026-09-15T16:48:06+08:00
product,3210163,name_zh_standard,圣诞花生巧克力豆,GLOBAL_DICTIONARY_TRANSLATION_RESIDUAL_REPAIR,GPT_MODEL_TRANSLATION_2026-09-15,0,2026-09-15T16:48:06+08:00
product,3210163,spec_zh_standard,250g,GLOBAL_DICTIONARY_TRANSLATION_RESIDUAL_REPAIR,GPT_MODEL_TRANSLATION_2026-09-15,0,2026-09-15T16:48:06+08:00
product,3210619,name_zh_standard,边桌,GLOBAL_DICTIONARY_TRANSLATION_RESIDUAL_REPAIR,GPT_MODEL_TRANSLATION_2026-09-15,0,2026-09-15T16:48:06+08:00
product,3210619,spec_zh_standard,50×30×57cm｜多色可选,GLOBAL_DICTIONARY_TRANSLATION_RESIDUAL_REPAIR,GPT_MODEL_TRANSLATION_2026-09-15,0,2026-09-15T16:48:06+08:00
product,3214057,name_zh_standard,装饰雪花,GLOBAL_DICTIONARY_TRANSLATION_RESIDUAL_REPAIR,GPT_MODEL_TRANSLATION_2026-09-15,0,2026-09-15T16:48:06+08:00
product,3214057,spec_zh_standard,多色可选,GLOBAL_DICTIONARY_TRANSLATION_RESIDUAL_REPAIR,GPT_MODEL_TRANSLATION_2026-09-15,0,2026-09-15T16:48:06+08:00
product,3214289,name_zh_standard,涂色书,GLOBAL_DICTIONARY_TRANSLATION_RESIDUAL_REPAIR,GPT_MODEL_TRANSLATION_2026-09-15,0,2026-09-15T16:48:06+08:00
product,3214289,spec_zh_standard,48张｜多款可选,GLOBAL_DICTIONARY_TRANSLATION_RESIDUAL_REPAIR,GPT_MODEL_TRANSLATION_2026-09-15,0,2026-09-15T16:48:06+08:00
product,3214806,name_zh_standard,凝胶笔,GLOBAL_DICTIONARY_TRANSLATION_RESIDUAL_REPAIR,GPT_MODEL_TRANSLATION_2026-09-15,0,2026-09-15T16:48:06+08:00
product,3214806,spec_zh_standard,多款可选,GLOBAL_DICTIONARY_TRANSLATION_RESIDUAL_REPAIR,GPT_MODEL_TRANSLATION_2026-09-15,0,2026-09-15T16:48:06+08:00
product,3215124,name_zh_standard,带伸缩杆拖把,GLOBAL_DICTIONARY_TRANSLATION_RESIDUAL_REPAIR,GPT_MODEL_TRANSLATION_2026-09-15,0,2026-09-15T16:48:06+08:00
product,3215124,spec_zh_standard,3件｜多色可选,GLOBAL_DICTIONARY_TRANSLATION_RESIDUAL_REPAIR,GPT_MODEL_TRANSLATION_2026-09-15,0,2026-09-15T16:48:06+08:00
product,3215400,name_zh_standard,护发发膜,GLOBAL_DICTIONARY_TRANSLATION_RESIDUAL_REPAIR,GPT_MODEL_TRANSLATION_2026-09-15,0,2026-09-15T16:48:06+08:00
product,3215400,spec_zh_standard,250ml,GLOBAL_DICTIONARY_TRANSLATION_RESIDUAL_REPAIR,GPT_MODEL_TRANSLATION_2026-09-15,0,2026-09-15T16:48:06+08:00
product,3215953,name_zh_standard,煎锅,GLOBAL_DICTIONARY_TRANSLATION_RESIDUAL_REPAIR,GPT_MODEL_TRANSLATION_2026-09-15,0,2026-09-15T16:48:06+08:00
product,3215953,spec_zh_standard,Ø28cm,GLOBAL_DICTIONARY_TRANSLATION_RESIDUAL_REPAIR,GPT_MODEL_TRANSLATION_2026-09-15,0,2026-09-15T16:48:06+08:00
product,3216792,name_zh_standard,AAA电池,GLOBAL_DICTIONARY_TRANSLATION_RESIDUAL_REPAIR,GPT_MODEL_TRANSLATION_2026-09-15,0,2026-09-15T16:48:06+08:00
product,3216792,spec_zh_standard,20节,GLOBAL_DICTIONARY_TRANSLATION_RESIDUAL_REPAIR,GPT_MODEL_TRANSLATION_2026-09-15,0,2026-09-15T16:48:06+08:00
product,3216919,name_zh_standard,泡沫飞镖发射器,GLOBAL_DICTIONARY_TRANSLATION_RESIDUAL_REPAIR,GPT_MODEL_TRANSLATION_2026-09-15,0,2026-09-15T16:48:06+08:00
product,3216919,spec_zh_standard,多款可选,GLOBAL_DICTIONARY_TRANSLATION_RESIDUAL_REPAIR,GPT_MODEL_TRANSLATION_2026-09-15,0,2026-09-15T16:48:06+08:00
product,3216996,name_zh_standard,印章套装,GLOBAL_DICTIONARY_TRANSLATION_RESIDUAL_REPAIR,GPT_MODEL_TRANSLATION_2026-09-15,0,2026-09-15T16:48:06+08:00
product,3216996,spec_zh_standard,12件｜多款可选,GLOBAL_DICTIONARY_TRANSLATION_RESIDUAL_REPAIR,GPT_MODEL_TRANSLATION_2026-09-15,0,2026-09-15T16:48:06+08:00
product,3217348,name_zh_standard,带灯车载烟灰缸,GLOBAL_DICTIONARY_TRANSLATION_RESIDUAL_REPAIR,GPT_MODEL_TRANSLATION_2026-09-15,0,2026-09-15T16:48:06+08:00
product,3217348,spec_zh_standard,Ø8×12cm,GLOBAL_DICTIONARY_TRANSLATION_RESIDUAL_REPAIR,GPT_MODEL_TRANSLATION_2026-09-15,0,2026-09-15T16:48:06+08:00
product,3223230,spec_zh_standard,550g,GLOBAL_DICTIONARY_TRANSLATION_RESIDUAL_REPAIR,GPT_MODEL_TRANSLATION_2026-09-15,0,2026-09-15T16:48:06+08:00
product,3206415,spec_zh_standard,多款可选,GLOBAL_DICTIONARY_TRANSLATION_RESIDUAL_REPAIR,GPT_MODEL_TRANSLATION_2026-09-15,0,2026-09-15T16:48:06+08:00
product,3217430,name_zh_standard,相框,GLOBAL_DICTIONARY_TRANSLATION_RESIDUAL_REPAIR,GPT_MODEL_TRANSLATION_2026-09-15,0,2026-09-15T16:48:06+08:00
product,3217430,spec_zh_standard,8×10cm｜多款可选,GLOBAL_DICTIONARY_TRANSLATION_RESIDUAL_REPAIR,GPT_MODEL_TRANSLATION_2026-09-15,0,2026-09-15T16:48:06+08:00
product,3217441,name_zh_standard,亚麻靠垫,GLOBAL_DICTIONARY_TRANSLATION_RESIDUAL_REPAIR,GPT_MODEL_TRANSLATION_2026-09-15,0,2026-09-15T16:48:06+08:00
product,3217441,spec_zh_standard,60×60cm｜多色可选,GLOBAL_DICTIONARY_TRANSLATION_RESIDUAL_REPAIR,GPT_MODEL_TRANSLATION_2026-09-15,0,2026-09-15T16:48:06+08:00
product,3217468,name_zh_standard,儿童玩具商店套装,GLOBAL_DICTIONARY_TRANSLATION_RESIDUAL_REPAIR,GPT_MODEL_TRANSLATION_2026-09-15,0,2026-09-15T16:48:06+08:00
product,3217468,spec_zh_standard,多款可选,GLOBAL_DICTIONARY_TRANSLATION_RESIDUAL_REPAIR,GPT_MODEL_TRANSLATION_2026-09-15,0,2026-09-15T16:48:06+08:00
product,3217622,name_zh_standard,遥控车,GLOBAL_DICTIONARY_TRANSLATION_RESIDUAL_REPAIR,GPT_MODEL_TRANSLATION_2026-09-15,0,2026-09-15T16:48:06+08:00
product,3217622,spec_zh_standard,多款可选,GLOBAL_DICTIONARY_TRANSLATION_RESIDUAL_REPAIR,GPT_MODEL_TRANSLATION_2026-09-15,0,2026-09-15T16:48:06+08:00
product,3218000,name_zh_standard,儿童圣诞毛衣,GLOBAL_DICTIONARY_TRANSLATION_RESIDUAL_REPAIR,GPT_MODEL_TRANSLATION_2026-09-15,0,2026-09-15T16:48:06+08:00
product,3218000,spec_zh_standard,98-140码｜多款可选,GLOBAL_DICTIONARY_TRANSLATION_RESIDUAL_REPAIR,GPT_MODEL_TRANSLATION_2026-09-15,0,2026-09-15T16:48:06+08:00
product,3218163,name_zh_standard,脏衣篮,GLOBAL_DICTIONARY_TRANSLATION_RESIDUAL_REPAIR,GPT_MODEL_TRANSLATION_2026-09-15,0,2026-09-15T16:48:06+08:00
product,3218248,name_zh_standard,唇彩套装,GLOBAL_DICTIONARY_TRANSLATION_RESIDUAL_REPAIR,GPT_MODEL_TRANSLATION_2026-09-15,0,2026-09-15T16:48:06+08:00
product,3218248,spec_zh_standard,3件,GLOBAL_DICTIONARY_TRANSLATION_RESIDUAL_REPAIR,GPT_MODEL_TRANSLATION_2026-09-15,0,2026-09-15T16:48:06+08:00
product,3218278,name_zh_standard,圣诞灯饰,GLOBAL_DICTIONARY_TRANSLATION_RESIDUAL_REPAIR,GPT_MODEL_TRANSLATION_2026-09-15,0,2026-09-15T16:48:06+08:00
product,3218278,spec_zh_standard,3件｜42颗LED｜多款可选,GLOBAL_DICTIONARY_TRANSLATION_RESIDUAL_REPAIR,GPT_MODEL_TRANSLATION_2026-09-15,0,2026-09-15T16:48:06+08:00
product,3218313,name_zh_standard,彩色灯球,GLOBAL_DICTIONARY_TRANSLATION_RESIDUAL_REPAIR,GPT_MODEL_TRANSLATION_2026-09-15,0,2026-09-15T16:48:06+08:00
product,3218313,spec_zh_standard,Ø30cm｜140颗LED,GLOBAL_DICTIONARY_TRANSLATION_RESIDUAL_REPAIR,GPT_MODEL_TRANSLATION_2026-09-15,0,2026-09-15T16:48:06+08:00
product,3218317,spec_zh_standard,多款可选,GLOBAL_DICTIONARY_TRANSLATION_RESIDUAL_REPAIR,GPT_MODEL_TRANSLATION_2026-09-15,0,2026-09-15T16:48:06+08:00
product,3218343,name_zh_standard,LED圣诞树,GLOBAL_DICTIONARY_TRANSLATION_RESIDUAL_REPAIR,GPT_MODEL_TRANSLATION_2026-09-15,0,2026-09-15T16:48:06+08:00
product,3218343,spec_zh_standard,Ø13×21cm｜多色可选,GLOBAL_DICTIONARY_TRANSLATION_RESIDUAL_REPAIR,GPT_MODEL_TRANSLATION_2026-09-15,0,2026-09-15T16:48:06+08:00
product,3218476,name_zh_standard,8端口多功能充电器,GLOBAL_DICTIONARY_TRANSLATION_RESIDUAL_REPAIR,GPT_MODEL_TRANSLATION_2026-09-15,0,2026-09-15T16:48:06+08:00
product,3218476,spec_zh_standard,最大60W｜多色可选,GLOBAL_DICTIONARY_TRANSLATION_RESIDUAL_REPAIR,GPT_MODEL_TRANSLATION_2026-09-15,0,2026-09-15T16:48:06+08:00
product,3218575,name_zh_standard,划线尺,GLOBAL_DICTIONARY_TRANSLATION_RESIDUAL_REPAIR,GPT_MODEL_TRANSLATION_2026-09-15,0,2026-09-15T16:48:06+08:00
product,3218575,spec_zh_standard,60cm,GLOBAL_DICTIONARY_TRANSLATION_RESIDUAL_REPAIR,GPT_MODEL_TRANSLATION_2026-09-15,0,2026-09-15T16:48:06+08:00
product,3218877,name_zh_standard,碗,GLOBAL_DICTIONARY_TRANSLATION_RESIDUAL_REPAIR,GPT_MODEL_TRANSLATION_2026-09-15,0,2026-09-15T16:48:06+08:00
product,3218877,spec_zh_standard,Ø9cm｜多色可选,GLOBAL_DICTIONARY_TRANSLATION_RESIDUAL_REPAIR,GPT_MODEL_TRANSLATION_2026-09-15,0,2026-09-15T16:48:06+08:00
product,3218885,name_zh_standard,早餐盘,GLOBAL_DICTIONARY_TRANSLATION_RESIDUAL_REPAIR,GPT_MODEL_TRANSLATION_2026-09-15,0,2026-09-15T16:48:06+08:00
product,3218885,spec_zh_standard,Ø22cm｜多色可选,GLOBAL_DICTIONARY_TRANSLATION_RESIDUAL_REPAIR,GPT_MODEL_TRANSLATION_2026-09-15,0,2026-09-15T16:48:06+08:00
product,3219210,name_zh_standard,指甲油,GLOBAL_DICTIONARY_TRANSLATION_RESIDUAL_REPAIR,GPT_MODEL_TRANSLATION_2026-09-15,0,2026-09-15T16:48:06+08:00
product,3219210,spec_zh_standard,2件｜多色可选,GLOBAL_DICTIONARY_TRANSLATION_RESIDUAL_REPAIR,GPT_MODEL_TRANSLATION_2026-09-15,0,2026-09-15T16:48:06+08:00
product,3219392,name_zh_standard,礼品袋,GLOBAL_DICTIONARY_TRANSLATION_RESIDUAL_REPAIR,GPT_MODEL_TRANSLATION_2026-09-15,0,2026-09-15T16:48:06+08:00
product,3219392,spec_zh_standard,90×60cm｜多款可选,GLOBAL_DICTIONARY_TRANSLATION_RESIDUAL_REPAIR,GPT_MODEL_TRANSLATION_2026-09-15,0,2026-09-15T16:48:06+08:00
product,3219600,name_zh_standard,冬季场景装饰,GLOBAL_DICTIONARY_TRANSLATION_RESIDUAL_REPAIR,GPT_MODEL_TRANSLATION_2026-09-15,0,2026-09-15T16:48:06+08:00
product,3219600,spec_zh_standard,6件,GLOBAL_DICTIONARY_TRANSLATION_RESIDUAL_REPAIR,GPT_MODEL_TRANSLATION_2026-09-15,0,2026-09-15T16:48:06+08:00
product,3219922,name_zh_standard,观影夜零食套装,GLOBAL_DICTIONARY_TRANSLATION_RESIDUAL_REPAIR,GPT_MODEL_TRANSLATION_2026-09-15,0,2026-09-15T16:48:06+08:00
product,3219922,spec_zh_standard,4件｜多款可选,GLOBAL_DICTIONARY_TRANSLATION_RESIDUAL_REPAIR,GPT_MODEL_TRANSLATION_2026-09-15,0,2026-09-15T16:48:06+08:00
product,3219963,name_zh_standard,化妆套装,GLOBAL_DICTIONARY_TRANSLATION_RESIDUAL_REPAIR,GPT_MODEL_TRANSLATION_2026-09-15,0,2026-09-15T16:48:06+08:00
product,3219963,spec_zh_standard,5件｜多色可选,GLOBAL_DICTIONARY_TRANSLATION_RESIDUAL_REPAIR,GPT_MODEL_TRANSLATION_2026-09-15,0,2026-09-15T16:48:06+08:00
product,3220220,name_zh_standard,真空收纳袋,GLOBAL_DICTIONARY_TRANSLATION_RESIDUAL_REPAIR,GPT_MODEL_TRANSLATION_2026-09-15,0,2026-09-15T16:48:06+08:00
product,3220220,spec_zh_standard,2件｜104×70cm,GLOBAL_DICTIONARY_TRANSLATION_RESIDUAL_REPAIR,GPT_MODEL_TRANSLATION_2026-09-15,0,2026-09-15T16:48:06+08:00
product,3220244,name_zh_standard,厨房收纳盒,GLOBAL_DICTIONARY_TRANSLATION_RESIDUAL_REPAIR,GPT_MODEL_TRANSLATION_2026-09-15,0,2026-09-15T16:48:06+08:00
product,3220244,spec_zh_standard,39×19.5×18cm,GLOBAL_DICTIONARY_TRANSLATION_RESIDUAL_REPAIR,GPT_MODEL_TRANSLATION_2026-09-15,0,2026-09-15T16:48:06+08:00
product,3220271,name_zh_standard,冰箱保鲜盒,GLOBAL_DICTIONARY_TRANSLATION_RESIDUAL_REPAIR,GPT_MODEL_TRANSLATION_2026-09-15,0,2026-09-15T16:48:06+08:00
product,3220271,spec_zh_standard,多款可选,GLOBAL_DICTIONARY_TRANSLATION_RESIDUAL_REPAIR,GPT_MODEL_TRANSLATION_2026-09-15,0,2026-09-15T16:48:06+08:00
product,3220360,name_zh_standard,双层水果篮,GLOBAL_DICTIONARY_TRANSLATION_RESIDUAL_REPAIR,GPT_MODEL_TRANSLATION_2026-09-15,0,2026-09-15T16:48:06+08:00
product,3220360,spec_zh_standard,Ø27×37cm｜多款可选,GLOBAL_DICTIONARY_TRANSLATION_RESIDUAL_REPAIR,GPT_MODEL_TRANSLATION_2026-09-15,0,2026-09-15T16:48:06+08:00
product,3220378,name_zh_standard,冰箱收纳盒,GLOBAL_DICTIONARY_TRANSLATION_RESIDUAL_REPAIR,GPT_MODEL_TRANSLATION_2026-09-15,0,2026-09-15T16:48:06+08:00
product,3220378,spec_zh_standard,31.5×15×10cm,GLOBAL_DICTIONARY_TRANSLATION_RESIDUAL_REPAIR,GPT_MODEL_TRANSLATION_2026-09-15,0,2026-09-15T16:48:06+08:00
product,3220379,name_zh_standard,冰箱收纳盒,GLOBAL_DICTIONARY_TRANSLATION_RESIDUAL_REPAIR,GPT_MODEL_TRANSLATION_2026-09-15,0,2026-09-15T16:48:06+08:00
product,3220379,spec_zh_standard,31.5×20×9.8cm,GLOBAL_DICTIONARY_TRANSLATION_RESIDUAL_REPAIR,GPT_MODEL_TRANSLATION_2026-09-15,0,2026-09-15T16:48:06+08:00
product,3220418,name_zh_standard,金属漆,GLOBAL_DICTIONARY_TRANSLATION_RESIDUAL_REPAIR,GPT_MODEL_TRANSLATION_2026-09-15,0,2026-09-15T16:48:06+08:00
product,3220418,spec_zh_standard,250ml｜多色可选,GLOBAL_DICTIONARY_TRANSLATION_RESIDUAL_REPAIR,GPT_MODEL_TRANSLATION_2026-09-15,0,2026-09-15T16:48:06+08:00
product,3220493,name_zh_standard,食品储存罐,GLOBAL_DICTIONARY_TRANSLATION_RESIDUAL_REPAIR,GPT_MODEL_TRANSLATION_2026-09-15,0,2026-09-15T16:48:06+08:00
product,3220493,spec_zh_standard,1.3L,GLOBAL_DICTIONARY_TRANSLATION_RESIDUAL_REPAIR,GPT_MODEL_TRANSLATION_2026-09-15,0,2026-09-15T16:48:06+08:00
product,3220600,name_zh_standard,收纳脚凳,GLOBAL_DICTIONARY_TRANSLATION_RESIDUAL_REPAIR,GPT_MODEL_TRANSLATION_2026-09-15,0,2026-09-15T16:48:06+08:00
product,3220600,spec_zh_standard,Ø31.5×37.5cm｜多色可选,GLOBAL_DICTIONARY_TRANSLATION_RESIDUAL_REPAIR,GPT_MODEL_TRANSLATION_2026-09-15,0,2026-09-15T16:48:06+08:00
product,3220734,name_zh_standard,可抽拉收纳架,GLOBAL_DICTIONARY_TRANSLATION_RESIDUAL_REPAIR,GPT_MODEL_TRANSLATION_2026-09-15,0,2026-09-15T16:48:06+08:00
product,3220734,spec_zh_standard,58×22.5×12cm,GLOBAL_DICTIONARY_TRANSLATION_RESIDUAL_REPAIR,GPT_MODEL_TRANSLATION_2026-09-15,0,2026-09-15T16:48:06+08:00
product,3220881,name_zh_standard,花瓶,GLOBAL_DICTIONARY_TRANSLATION_RESIDUAL_REPAIR,GPT_MODEL_TRANSLATION_2026-09-15,0,2026-09-15T16:48:06+08:00
product,3220881,spec_zh_standard,Ø14×19cm,GLOBAL_DICTIONARY_TRANSLATION_RESIDUAL_REPAIR,GPT_MODEL_TRANSLATION_2026-09-15,0,2026-09-15T16:48:06+08:00
product,3221127,name_zh_standard,狗狗零食,GLOBAL_DICTIONARY_TRANSLATION_RESIDUAL_REPAIR,GPT_MODEL_TRANSLATION_2026-09-15,0,2026-09-15T16:48:06+08:00
product,3221127,spec_zh_standard,400g,GLOBAL_DICTIONARY_TRANSLATION_RESIDUAL_REPAIR,GPT_MODEL_TRANSLATION_2026-09-15,0,2026-09-15T16:48:06+08:00
product,3221236,name_zh_standard,双面纳米胶带,GLOBAL_DICTIONARY_TRANSLATION_RESIDUAL_REPAIR,GPT_MODEL_TRANSLATION_2026-09-15,0,2026-09-15T16:48:06+08:00
product,3221236,spec_zh_standard,多款可选,GLOBAL_DICTIONARY_TRANSLATION_RESIDUAL_REPAIR,GPT_MODEL_TRANSLATION_2026-09-15,0,2026-09-15T16:48:06+08:00
product,3221375,name_zh_standard,鸡肉混合宠物零食,GLOBAL_DICTIONARY_TRANSLATION_RESIDUAL_REPAIR,GPT_MODEL_TRANSLATION_2026-09-15,0,2026-09-15T16:48:06+08:00
product,3221375,spec_zh_standard,450g,GLOBAL_DICTIONARY_TRANSLATION_RESIDUAL_REPAIR,GPT_MODEL_TRANSLATION_2026-09-15,0,2026-09-15T16:48:06+08:00
product,3221470,name_zh_standard,发光乒乓球游戏套装,GLOBAL_DICTIONARY_TRANSLATION_RESIDUAL_REPAIR,GPT_MODEL_TRANSLATION_2026-09-15,0,2026-09-15T16:48:06+08:00
product,3221470,spec_zh_standard,多色可选,GLOBAL_DICTIONARY_TRANSLATION_RESIDUAL_REPAIR,GPT_MODEL_TRANSLATION_2026-09-15,0,2026-09-15T16:48:06+08:00
product,3221941,name_zh_standard,XL史莱姆桶,GLOBAL_DICTIONARY_TRANSLATION_RESIDUAL_REPAIR,GPT_MODEL_TRANSLATION_2026-09-15,0,2026-09-15T16:48:06+08:00
product,3221941,spec_zh_standard,1.2kg｜多色可选,GLOBAL_DICTIONARY_TRANSLATION_RESIDUAL_REPAIR,GPT_MODEL_TRANSLATION_2026-09-15,0,2026-09-15T16:48:06+08:00
product,3221950,name_zh_standard,儿童LCD平板,GLOBAL_DICTIONARY_TRANSLATION_RESIDUAL_REPAIR,GPT_MODEL_TRANSLATION_2026-09-15,0,2026-09-15T16:48:06+08:00
product,3221950,spec_zh_standard,8.5英寸｜多款可选,GLOBAL_DICTIONARY_TRANSLATION_RESIDUAL_REPAIR,GPT_MODEL_TRANSLATION_2026-09-15,0,2026-09-15T16:48:06+08:00
product,3222128,name_zh_standard,瓷质早餐盘,GLOBAL_DICTIONARY_TRANSLATION_RESIDUAL_REPAIR,GPT_MODEL_TRANSLATION_2026-09-15,0,2026-09-15T16:48:06+08:00
product,3222128,spec_zh_standard,Ø21cm,GLOBAL_DICTIONARY_TRANSLATION_RESIDUAL_REPAIR,GPT_MODEL_TRANSLATION_2026-09-15,0,2026-09-15T16:48:06+08:00
product,3222129,name_zh_standard,瓷质平盘,GLOBAL_DICTIONARY_TRANSLATION_RESIDUAL_REPAIR,GPT_MODEL_TRANSLATION_2026-09-15,0,2026-09-15T16:48:06+08:00
product,3222129,spec_zh_standard,Ø27cm,GLOBAL_DICTIONARY_TRANSLATION_RESIDUAL_REPAIR,GPT_MODEL_TRANSLATION_2026-09-15,0,2026-09-15T16:48:06+08:00
product,3222130,name_zh_standard,瓷质深盘,GLOBAL_DICTIONARY_TRANSLATION_RESIDUAL_REPAIR,GPT_MODEL_TRANSLATION_2026-09-15,0,2026-09-15T16:48:06+08:00
product,3222130,spec_zh_standard,Ø20×4.5cm,GLOBAL_DICTIONARY_TRANSLATION_RESIDUAL_REPAIR,GPT_MODEL_TRANSLATION_2026-09-15,0,2026-09-15T16:48:06+08:00
product,3222131,name_zh_standard,瓷质沙拉碗,GLOBAL_DICTIONARY_TRANSLATION_RESIDUAL_REPAIR,GPT_MODEL_TRANSLATION_2026-09-15,0,2026-09-15T16:48:06+08:00
product,3222131,spec_zh_standard,Ø23×6.5cm,GLOBAL_DICTIONARY_TRANSLATION_RESIDUAL_REPAIR,GPT_MODEL_TRANSLATION_2026-09-15,0,2026-09-15T16:48:06+08:00
product,3222222,name_zh_standard,奶酪零食,GLOBAL_DICTIONARY_TRANSLATION_RESIDUAL_REPAIR,GPT_MODEL_TRANSLATION_2026-09-15,0,2026-09-15T16:48:06+08:00
product,3222222,spec_zh_standard,130g｜多款可选,GLOBAL_DICTIONARY_TRANSLATION_RESIDUAL_REPAIR,GPT_MODEL_TRANSLATION_2026-09-15,0,2026-09-15T16:48:06+08:00
product,3222383,name_zh_standard,纸盘,GLOBAL_DICTIONARY_TRANSLATION_RESIDUAL_REPAIR,GPT_MODEL_TRANSLATION_2026-09-15,0,2026-09-15T16:48:06+08:00
product,3222383,spec_zh_standard,10个｜Ø23cm｜多款可选,GLOBAL_DICTIONARY_TRANSLATION_RESIDUAL_REPAIR,GPT_MODEL_TRANSLATION_2026-09-15,0,2026-09-15T16:48:06+08:00
product,3222807,name_zh_standard,仿石边框相框,GLOBAL_DICTIONARY_TRANSLATION_RESIDUAL_REPAIR,GPT_MODEL_TRANSLATION_2026-09-15,0,2026-09-15T16:48:06+08:00
product,3222807,spec_zh_standard,12.5×17cm｜多款可选,GLOBAL_DICTIONARY_TRANSLATION_RESIDUAL_REPAIR,GPT_MODEL_TRANSLATION_2026-09-15,0,2026-09-15T16:48:06+08:00
product,3222911,name_zh_standard,衣物柔顺剂,GLOBAL_DICTIONARY_TRANSLATION_RESIDUAL_REPAIR,GPT_MODEL_TRANSLATION_2026-09-15,0,2026-09-15T16:48:06+08:00
product,3222911,spec_zh_standard,80次洗涤,GLOBAL_DICTIONARY_TRANSLATION_RESIDUAL_REPAIR,GPT_MODEL_TRANSLATION_2026-09-15,0,2026-09-15T16:48:06+08:00
product,3222912,name_zh_standard,衣物柔顺剂,GLOBAL_DICTIONARY_TRANSLATION_RESIDUAL_REPAIR,GPT_MODEL_TRANSLATION_2026-09-15,0,2026-09-15T16:48:06+08:00
product,3222912,spec_zh_standard,80次洗涤,GLOBAL_DICTIONARY_TRANSLATION_RESIDUAL_REPAIR,GPT_MODEL_TRANSLATION_2026-09-15,0,2026-09-15T16:48:06+08:00
product,3222971,name_zh_standard,屏幕保护膜,GLOBAL_DICTIONARY_TRANSLATION_RESIDUAL_REPAIR,GPT_MODEL_TRANSLATION_2026-09-15,0,2026-09-15T16:48:06+08:00
product,3222971,spec_zh_standard,2片｜适用于iPhone｜多款可选,GLOBAL_DICTIONARY_TRANSLATION_RESIDUAL_REPAIR,GPT_MODEL_TRANSLATION_2026-09-15,0,2026-09-15T16:48:06+08:00
product,3223146,name_zh_standard,惊喜袋,GLOBAL_DICTIONARY_TRANSLATION_RESIDUAL_REPAIR,GPT_MODEL_TRANSLATION_2026-09-15,0,2026-09-15T16:48:06+08:00
product,3223146,spec_zh_standard,多款可选,GLOBAL_DICTIONARY_TRANSLATION_RESIDUAL_REPAIR,GPT_MODEL_TRANSLATION_2026-09-15,0,2026-09-15T16:48:06+08:00
product,3223164,name_zh_standard,带闹钟的唤醒灯,GLOBAL_DICTIONARY_TRANSLATION_RESIDUAL_REPAIR,GPT_MODEL_TRANSLATION_2026-09-15,0,2026-09-15T16:48:06+08:00
product,3223164,spec_zh_standard,16.5×7×15cm,GLOBAL_DICTIONARY_TRANSLATION_RESIDUAL_REPAIR,GPT_MODEL_TRANSLATION_2026-09-15,0,2026-09-15T16:48:06+08:00
product,3223174,name_zh_standard,竹制镜面收纳盒,GLOBAL_DICTIONARY_TRANSLATION_RESIDUAL_REPAIR,GPT_MODEL_TRANSLATION_2026-09-15,0,2026-09-15T16:48:06+08:00
product,3223174,spec_zh_standard,20×13×9cm,GLOBAL_DICTIONARY_TRANSLATION_RESIDUAL_REPAIR,GPT_MODEL_TRANSLATION_2026-09-15,0,2026-09-15T16:48:06+08:00
product,3223281,name_zh_standard,狗狗零食,GLOBAL_DICTIONARY_TRANSLATION_RESIDUAL_REPAIR,GPT_MODEL_TRANSLATION_2026-09-15,0,2026-09-15T16:48:06+08:00
product,3223281,spec_zh_standard,100g｜多款可选,GLOBAL_DICTIONARY_TRANSLATION_RESIDUAL_REPAIR,GPT_MODEL_TRANSLATION_2026-09-15,0,2026-09-15T16:48:06+08:00
product,3223283,name_zh_standard,狗狗零食,GLOBAL_DICTIONARY_TRANSLATION_RESIDUAL_REPAIR,GPT_MODEL_TRANSLATION_2026-09-15,0,2026-09-15T16:48:06+08:00
product,3223283,spec_zh_standard,100g｜多款可选,GLOBAL_DICTIONARY_TRANSLATION_RESIDUAL_REPAIR,GPT_MODEL_TRANSLATION_2026-09-15,0,2026-09-15T16:48:06+08:00
product,3223312,name_zh_standard,旋转螺丝刀,GLOBAL_DICTIONARY_TRANSLATION_RESIDUAL_REPAIR,GPT_MODEL_TRANSLATION_2026-09-15,0,2026-09-15T16:48:06+08:00
product,3223312,spec_zh_standard,4V,GLOBAL_DICTIONARY_TRANSLATION_RESIDUAL_REPAIR,GPT_MODEL_TRANSLATION_2026-09-15,0,2026-09-15T16:48:06+08:00
product,3223316,name_zh_standard,猫抓板,GLOBAL_DICTIONARY_TRANSLATION_RESIDUAL_REPAIR,GPT_MODEL_TRANSLATION_2026-09-15,0,2026-09-15T16:48:06+08:00
product,3223316,spec_zh_standard,27.5×27.5×38cm｜多色可选,GLOBAL_DICTIONARY_TRANSLATION_RESIDUAL_REPAIR,GPT_MODEL_TRANSLATION_2026-09-15,0,2026-09-15T16:48:06+08:00
product,3223369,name_zh_standard,相册,GLOBAL_DICTIONARY_TRANSLATION_RESIDUAL_REPAIR,GPT_MODEL_TRANSLATION_2026-09-15,0,2026-09-15T16:48:06+08:00
product,3223369,spec_zh_standard,18.5×22.5cm｜多款可选,GLOBAL_DICTIONARY_TRANSLATION_RESIDUAL_REPAIR,GPT_MODEL_TRANSLATION_2026-09-15,0,2026-09-15T16:48:06+08:00
product,3223373,name_zh_standard,大理石托盘,GLOBAL_DICTIONARY_TRANSLATION_RESIDUAL_REPAIR,GPT_MODEL_TRANSLATION_2026-09-15,0,2026-09-15T16:48:06+08:00
product,3223373,spec_zh_standard,Ø30×5cm｜多款可选,GLOBAL_DICTIONARY_TRANSLATION_RESIDUAL_REPAIR,GPT_MODEL_TRANSLATION_2026-09-15,0,2026-09-15T16:48:06+08:00
product,3223467,name_zh_standard,透明抽屉收纳盒,GLOBAL_DICTIONARY_TRANSLATION_RESIDUAL_REPAIR,GPT_MODEL_TRANSLATION_2026-09-15,0,2026-09-15T16:48:06+08:00
product,3223467,spec_zh_standard,27×18×5cm,GLOBAL_DICTIONARY_TRANSLATION_RESIDUAL_REPAIR,GPT_MODEL_TRANSLATION_2026-09-15,0,2026-09-15T16:48:06+08:00
product,3223474,name_zh_standard,水壶,GLOBAL_DICTIONARY_TRANSLATION_RESIDUAL_REPAIR,GPT_MODEL_TRANSLATION_2026-09-15,0,2026-09-15T16:48:06+08:00
product,3223474,spec_zh_standard,1.4L,GLOBAL_DICTIONARY_TRANSLATION_RESIDUAL_REPAIR,GPT_MODEL_TRANSLATION_2026-09-15,0,2026-09-15T16:48:06+08:00
product,3223561,name_zh_standard,煎锅,GLOBAL_DICTIONARY_TRANSLATION_RESIDUAL_REPAIR,GPT_MODEL_TRANSLATION_2026-09-15,0,2026-09-15T16:48:06+08:00
product,3223561,spec_zh_standard,Ø28cm｜多色可选,GLOBAL_DICTIONARY_TRANSLATION_RESIDUAL_REPAIR,GPT_MODEL_TRANSLATION_2026-09-15,0,2026-09-15T16:48:06+08:00
product,3223720,name_zh_standard,画笔套装,GLOBAL_DICTIONARY_TRANSLATION_RESIDUAL_REPAIR,GPT_MODEL_TRANSLATION_2026-09-15,0,2026-09-15T16:48:06+08:00
product,3223720,spec_zh_standard,6支,GLOBAL_DICTIONARY_TRANSLATION_RESIDUAL_REPAIR,GPT_MODEL_TRANSLATION_2026-09-15,0,2026-09-15T16:48:06+08:00
product,3223731,name_zh_standard,闪粉管,GLOBAL_DICTIONARY_TRANSLATION_RESIDUAL_REPAIR,GPT_MODEL_TRANSLATION_2026-09-15,0,2026-09-15T16:48:06+08:00
product,3223731,spec_zh_standard,10支,GLOBAL_DICTIONARY_TRANSLATION_RESIDUAL_REPAIR,GPT_MODEL_TRANSLATION_2026-09-15,0,2026-09-15T16:48:06+08:00
product,3223768,name_zh_standard,带圆盘打孔器套装,GLOBAL_DICTIONARY_TRANSLATION_RESIDUAL_REPAIR,GPT_MODEL_TRANSLATION_2026-09-15,0,2026-09-15T16:48:06+08:00
product,3223768,spec_zh_standard,19件,GLOBAL_DICTIONARY_TRANSLATION_RESIDUAL_REPAIR,GPT_MODEL_TRANSLATION_2026-09-15,0,2026-09-15T16:48:06+08:00
product,3223972,name_zh_standard,收纳脚凳,GLOBAL_DICTIONARY_TRANSLATION_RESIDUAL_REPAIR,GPT_MODEL_TRANSLATION_2026-09-15,0,2026-09-15T16:48:06+08:00
product,3223972,spec_zh_standard,Ø45×61cm,GLOBAL_DICTIONARY_TRANSLATION_RESIDUAL_REPAIR,GPT_MODEL_TRANSLATION_2026-09-15,0,2026-09-15T16:48:06+08:00
product,3224002,name_zh_standard,带桌面收纳脚凳,GLOBAL_DICTIONARY_TRANSLATION_RESIDUAL_REPAIR,GPT_MODEL_TRANSLATION_2026-09-15,0,2026-09-15T16:48:06+08:00
product,3224002,spec_zh_standard,70×37.5×38.5cm｜多款可选,GLOBAL_DICTIONARY_TRANSLATION_RESIDUAL_REPAIR,GPT_MODEL_TRANSLATION_2026-09-15,0,2026-09-15T16:48:06+08:00
product,3224029,name_zh_standard,香薰蜡烛,GLOBAL_DICTIONARY_TRANSLATION_RESIDUAL_REPAIR,GPT_MODEL_TRANSLATION_2026-09-15,0,2026-09-15T16:48:06+08:00
product,3224029,spec_zh_standard,Ø9.5cm｜多款可选,GLOBAL_DICTIONARY_TRANSLATION_RESIDUAL_REPAIR,GPT_MODEL_TRANSLATION_2026-09-15,0,2026-09-15T16:48:06+08:00
product,3224121,name_zh_standard,绒毛旋转玩具,GLOBAL_DICTIONARY_TRANSLATION_RESIDUAL_REPAIR,GPT_MODEL_TRANSLATION_2026-09-15,0,2026-09-15T16:48:06+08:00
product,3224121,spec_zh_standard,多款可选,GLOBAL_DICTIONARY_TRANSLATION_RESIDUAL_REPAIR,GPT_MODEL_TRANSLATION_2026-09-15,0,2026-09-15T16:48:06+08:00
product,3224146,name_zh_standard,辣味韩式年糕,GLOBAL_DICTIONARY_TRANSLATION_RESIDUAL_REPAIR,GPT_MODEL_TRANSLATION_2026-09-15,0,2026-09-15T16:48:06+08:00
product,3224146,spec_zh_standard,182g,GLOBAL_DICTIONARY_TRANSLATION_RESIDUAL_REPAIR,GPT_MODEL_TRANSLATION_2026-09-15,0,2026-09-15T16:48:06+08:00
product,3224259,name_zh_standard,带收纳盒的狗狗拾便袋,GLOBAL_DICTIONARY_TRANSLATION_RESIDUAL_REPAIR,GPT_MODEL_TRANSLATION_2026-09-15,0,2026-09-15T16:48:06+08:00
product,3224285,name_zh_standard,毛绒线,GLOBAL_DICTIONARY_TRANSLATION_RESIDUAL_REPAIR,GPT_MODEL_TRANSLATION_2026-09-15,0,2026-09-15T16:48:06+08:00
product,3224292,name_zh_standard,水彩笔,GLOBAL_DICTIONARY_TRANSLATION_RESIDUAL_REPAIR,GPT_MODEL_TRANSLATION_2026-09-15,0,2026-09-15T16:48:06+08:00
product,3224292,spec_zh_standard,60支｜多色可选,GLOBAL_DICTIONARY_TRANSLATION_RESIDUAL_REPAIR,GPT_MODEL_TRANSLATION_2026-09-15,0,2026-09-15T16:48:06+08:00
product,3224717,spec_zh_standard,29件,GLOBAL_DICTIONARY_TRANSLATION_RESIDUAL_REPAIR,GPT_MODEL_TRANSLATION_2026-09-15,0,2026-09-15T16:48:06+08:00
product,3224726,name_zh_standard,会发声尿尿娃娃,GLOBAL_DICTIONARY_TRANSLATION_RESIDUAL_REPAIR,GPT_MODEL_TRANSLATION_2026-09-15,0,2026-09-15T16:48:06+08:00
product,3224726,spec_zh_standard,10件｜30cm,GLOBAL_DICTIONARY_TRANSLATION_RESIDUAL_REPAIR,GPT_MODEL_TRANSLATION_2026-09-15,0,2026-09-15T16:48:06+08:00
product,3224781,name_zh_standard,纱线,GLOBAL_DICTIONARY_TRANSLATION_RESIDUAL_REPAIR,GPT_MODEL_TRANSLATION_2026-09-15,0,2026-09-15T16:48:06+08:00
product,3224788,name_zh_standard,玩具厨房,GLOBAL_DICTIONARY_TRANSLATION_RESIDUAL_REPAIR,GPT_MODEL_TRANSLATION_2026-09-15,0,2026-09-15T16:48:06+08:00
product,3224814,name_zh_standard,狗狗礼品套装,GLOBAL_DICTIONARY_TRANSLATION_RESIDUAL_REPAIR,GPT_MODEL_TRANSLATION_2026-09-15,0,2026-09-15T16:48:06+08:00
product,3224814,spec_zh_standard,5件,GLOBAL_DICTIONARY_TRANSLATION_RESIDUAL_REPAIR,GPT_MODEL_TRANSLATION_2026-09-15,0,2026-09-15T16:48:06+08:00
product,3224857,name_zh_standard,复古烤面包机,GLOBAL_DICTIONARY_TRANSLATION_RESIDUAL_REPAIR,GPT_MODEL_TRANSLATION_2026-09-15,0,2026-09-15T16:48:06+08:00
product,3224857,spec_zh_standard,930W｜多色可选,GLOBAL_DICTIONARY_TRANSLATION_RESIDUAL_REPAIR,GPT_MODEL_TRANSLATION_2026-09-15,0,2026-09-15T16:48:06+08:00
product,3224869,name_zh_standard,女士居家袜,GLOBAL_DICTIONARY_TRANSLATION_RESIDUAL_REPAIR,GPT_MODEL_TRANSLATION_2026-09-15,0,2026-09-15T16:48:06+08:00
product,3224869,spec_zh_standard,35-42码｜2双｜多色可选,GLOBAL_DICTIONARY_TRANSLATION_RESIDUAL_REPAIR,GPT_MODEL_TRANSLATION_2026-09-15,0,2026-09-15T16:48:06+08:00
product,3224899,name_zh_standard,贴纸相册,GLOBAL_DICTIONARY_TRANSLATION_RESIDUAL_REPAIR,GPT_MODEL_TRANSLATION_2026-09-15,0,2026-09-15T16:48:06+08:00
product,3224899,spec_zh_standard,15张｜多款可选,GLOBAL_DICTIONARY_TRANSLATION_RESIDUAL_REPAIR,GPT_MODEL_TRANSLATION_2026-09-15,0,2026-09-15T16:48:06+08:00
product,3224907,name_zh_standard,带夹蝴蝶装饰,GLOBAL_DICTIONARY_TRANSLATION_RESIDUAL_REPAIR,GPT_MODEL_TRANSLATION_2026-09-15,0,2026-09-15T16:48:06+08:00
product,3224907,spec_zh_standard,3件｜多色可选,GLOBAL_DICTIONARY_TRANSLATION_RESIDUAL_REPAIR,GPT_MODEL_TRANSLATION_2026-09-15,0,2026-09-15T16:48:06+08:00
product,3225088,name_zh_standard,LED灯带,GLOBAL_DICTIONARY_TRANSLATION_RESIDUAL_REPAIR,GPT_MODEL_TRANSLATION_2026-09-15,0,2026-09-15T16:48:06+08:00
product,3225088,spec_zh_standard,3m,GLOBAL_DICTIONARY_TRANSLATION_RESIDUAL_REPAIR,GPT_MODEL_TRANSLATION_2026-09-15,0,2026-09-15T16:48:06+08:00
product,3225091,name_zh_standard,罗纹绒被套,GLOBAL_DICTIONARY_TRANSLATION_RESIDUAL_REPAIR,GPT_MODEL_TRANSLATION_2026-09-15,0,2026-09-15T16:48:06+08:00
product,3225091,spec_zh_standard,155×200cm｜多色可选,GLOBAL_DICTIONARY_TRANSLATION_RESIDUAL_REPAIR,GPT_MODEL_TRANSLATION_2026-09-15,0,2026-09-15T16:48:06+08:00
product,3225092,name_zh_standard,罗纹绒被套,GLOBAL_DICTIONARY_TRANSLATION_RESIDUAL_REPAIR,GPT_MODEL_TRANSLATION_2026-09-15,0,2026-09-15T16:48:06+08:00
product,3225092,spec_zh_standard,200×200cm｜多色可选,GLOBAL_DICTIONARY_TRANSLATION_RESIDUAL_REPAIR,GPT_MODEL_TRANSLATION_2026-09-15,0,2026-09-15T16:48:06+08:00
product,3225101,name_zh_standard,小狗散步娃娃,GLOBAL_DICTIONARY_TRANSLATION_RESIDUAL_REPAIR,GPT_MODEL_TRANSLATION_2026-09-15,0,2026-09-15T16:48:06+08:00
product,3225101,spec_zh_standard,10件,GLOBAL_DICTIONARY_TRANSLATION_RESIDUAL_REPAIR,GPT_MODEL_TRANSLATION_2026-09-15,0,2026-09-15T16:48:06+08:00
product,3225118,name_zh_standard,木纹边桌,GLOBAL_DICTIONARY_TRANSLATION_RESIDUAL_REPAIR,GPT_MODEL_TRANSLATION_2026-09-15,0,2026-09-15T16:48:06+08:00
product,3225118,spec_zh_standard,2件｜多色可选,GLOBAL_DICTIONARY_TRANSLATION_RESIDUAL_REPAIR,GPT_MODEL_TRANSLATION_2026-09-15,0,2026-09-15T16:48:06+08:00
product,3225276,name_zh_standard,圣诞吊饰DIY套装,GLOBAL_DICTIONARY_TRANSLATION_RESIDUAL_REPAIR,GPT_MODEL_TRANSLATION_2026-09-15,0,2026-09-15T16:48:06+08:00
product,3225276,spec_zh_standard,6件｜多款可选,GLOBAL_DICTIONARY_TRANSLATION_RESIDUAL_REPAIR,GPT_MODEL_TRANSLATION_2026-09-15,0,2026-09-15T16:48:06+08:00
product,3225279,name_zh_standard,舒适风圣诞涂色书,GLOBAL_DICTIONARY_TRANSLATION_RESIDUAL_REPAIR,GPT_MODEL_TRANSLATION_2026-09-15,0,2026-09-15T16:48:06+08:00
product,3225279,spec_zh_standard,48张｜多款可选,GLOBAL_DICTIONARY_TRANSLATION_RESIDUAL_REPAIR,GPT_MODEL_TRANSLATION_2026-09-15,0,2026-09-15T16:48:06+08:00
product,3225392,spec_zh_standard,32件｜多款可选,GLOBAL_DICTIONARY_TRANSLATION_RESIDUAL_REPAIR,GPT_MODEL_TRANSLATION_2026-09-15,0,2026-09-15T16:48:06+08:00
product,3225602,name_zh_standard,圣诞金银丝桌布,GLOBAL_DICTIONARY_TRANSLATION_RESIDUAL_REPAIR,GPT_MODEL_TRANSLATION_2026-09-15,0,2026-09-15T16:48:06+08:00
product,3225602,spec_zh_standard,140×240cm｜多款可选,GLOBAL_DICTIONARY_TRANSLATION_RESIDUAL_REPAIR,GPT_MODEL_TRANSLATION_2026-09-15,0,2026-09-15T16:48:06+08:00
product,3225743,name_zh_standard,圣诞倒数日历,GLOBAL_DICTIONARY_TRANSLATION_RESIDUAL_REPAIR,GPT_MODEL_TRANSLATION_2026-09-15,0,2026-09-15T16:48:06+08:00
product,3225743,spec_zh_standard,24件,GLOBAL_DICTIONARY_TRANSLATION_RESIDUAL_REPAIR,GPT_MODEL_TRANSLATION_2026-09-15,0,2026-09-15T16:48:06+08:00
product,3225894,name_zh_standard,带蝴蝶结烛台,GLOBAL_DICTIONARY_TRANSLATION_RESIDUAL_REPAIR,GPT_MODEL_TRANSLATION_2026-09-15,0,2026-09-15T16:48:06+08:00
product,3225894,spec_zh_standard,12×8×6cm｜多色可选,GLOBAL_DICTIONARY_TRANSLATION_RESIDUAL_REPAIR,GPT_MODEL_TRANSLATION_2026-09-15,0,2026-09-15T16:48:06+08:00
product,3225959,name_zh_standard,发夹,GLOBAL_DICTIONARY_TRANSLATION_RESIDUAL_REPAIR,GPT_MODEL_TRANSLATION_2026-09-15,0,2026-09-15T16:48:06+08:00
product,3225959,spec_zh_standard,16件｜多色可选,GLOBAL_DICTIONARY_TRANSLATION_RESIDUAL_REPAIR,GPT_MODEL_TRANSLATION_2026-09-15,0,2026-09-15T16:48:06+08:00
product,3225994,name_zh_standard,打底裤,GLOBAL_DICTIONARY_TRANSLATION_RESIDUAL_REPAIR,GPT_MODEL_TRANSLATION_2026-09-15,0,2026-09-15T16:48:06+08:00
product,3225994,spec_zh_standard,S-XL｜多款可选,GLOBAL_DICTIONARY_TRANSLATION_RESIDUAL_REPAIR,GPT_MODEL_TRANSLATION_2026-09-15,0,2026-09-15T16:48:06+08:00
product,3226221,name_zh_standard,辣味玉米卷脆片,GLOBAL_DICTIONARY_TRANSLATION_RESIDUAL_REPAIR,GPT_MODEL_TRANSLATION_2026-09-15,0,2026-09-15T16:48:06+08:00
product,3226221,spec_zh_standard,200g,GLOBAL_DICTIONARY_TRANSLATION_RESIDUAL_REPAIR,GPT_MODEL_TRANSLATION_2026-09-15,0,2026-09-15T16:48:06+08:00
product,3226277,name_zh_standard,水晶饰品,GLOBAL_DICTIONARY_TRANSLATION_RESIDUAL_REPAIR,GPT_MODEL_TRANSLATION_2026-09-15,0,2026-09-15T16:48:06+08:00
product,3226277,spec_zh_standard,多款可选,GLOBAL_DICTIONARY_TRANSLATION_RESIDUAL_REPAIR,GPT_MODEL_TRANSLATION_2026-09-15,0,2026-09-15T16:48:06+08:00
product,3227693,name_zh_standard,香水,GLOBAL_DICTIONARY_TRANSLATION_RESIDUAL_REPAIR,GPT_MODEL_TRANSLATION_2026-09-15,0,2026-09-15T16:48:06+08:00
product,3227693,spec_zh_standard,50ml｜多款可选,GLOBAL_DICTIONARY_TRANSLATION_RESIDUAL_REPAIR,GPT_MODEL_TRANSLATION_2026-09-15,0,2026-09-15T16:48:06+08:00
product,3222844,name_zh_standard,配件收纳盒,2026-09-21 no-brand display policy closure from official Spanish source,OFFICIAL_ES_SOURCE+OWNER_AUTHORIZATION,0,2026-09-21
product,3009410,name_zh_standard,厨房秤,2026-09-21 no-brand display policy closure from official Spanish source,OFFICIAL_ES_SOURCE+OWNER_AUTHORIZATION,0,2026-09-21
product,3220922,name_zh_standard,活动手册,2026-09-21 no-brand display policy closure from official Spanish source,OFFICIAL_ES_SOURCE+OWNER_AUTHORIZATION,0,2026-09-21
product,3224611,name_zh_standard,蒸汽清洁器,2026-09-21 no-brand display policy closure from official Spanish source,OFFICIAL_ES_SOURCE+OWNER_AUTHORIZATION,0,2026-09-21
product,3225012,name_zh_standard,灰褐色哑光墙面涂料,2026-09-21 no-brand display policy closure from official Spanish source,OFFICIAL_ES_SOURCE+OWNER_AUTHORIZATION,0,2026-09-21
product,3226253,name_zh_standard,自制蜡烛套装,2026-09-21 no-brand display policy closure from official Spanish source,OFFICIAL_ES_SOURCE+OWNER_AUTHORIZATION,0,2026-09-21
product,3226981,name_zh_standard,毛绒玩具,2026-09-21 no-brand display policy closure from official Spanish source,OFFICIAL_ES_SOURCE+OWNER_AUTHORIZATION,0,2026-09-21
product,3227410,name_zh_standard,身体乳,2026-09-21 no-brand display policy closure from official Spanish source,OFFICIAL_ES_SOURCE+OWNER_AUTHORIZATION,0,2026-09-21
